"aircraftid","aname","totalseats","astatus","manufacturer"
67,"Aircraft1",398,"Inactive","Airbus"
68,"Aircraft3",354,"Active","Airbus"
69,"Aircraft4",391,"Inactive","Boeing"
70,"Aircraft5",254,"Inactive","Airbus"
71,"Aircraft6",337,"Active","Boeing"
72,"Aircraft7",154,"Inactive","Boeing"
73,"Aircraft10",182,"Active","Airbus"
74,"Aircraft12",357,"Inactive","Airbus"
75,"Aircraft13",144,"Active","Airbus"
76,"Aircraft15",276,"Active","Airbus"
77,"Aircraft16",254,"Active","Boeing"
78,"Aircraft17",NULL,"Inactive","Boeing"
79,"Aircraft18",207,"Active",NULL
80,NULL,177,"Active","Boeing"
81,"Aircraft21",277,"Active","Boeing"
82,"Aircraft22",244,"Active","Boeing"
83,"Aircraft24",227,"Inactive",NULL
84,"Aircraft25",227,NULL,"Boeing"
85,"Aircraft26",165,"Active","Boeing"
86,"Aircraft29",189,"Inactive","Airbus"
87,"Aircraft30",328,"Inactive","Boeing"
88,"Aircraft32",260,"Inactive","Airbus"
89,"Aircraft33",138,"Inactive","Airbus"
90,NULL,238,"Active","Boeing"
91,"Aircraft36",248,"Active","Airbus"
92,"Aircraft38",257,"Active","Boeing"
93,"Aircraft39",387,"Inactive","Airbus"
94,NULL,255,"Inactive","Airbus"
95,"Aircraft41",124,"Active","Boeing"
96,"Aircraft42",356,NULL,"Boeing"
97,"Aircraft43",222,"Inactive",NULL
98,NULL,201,"Active","Airbus"
99,"Aircraft45",327,NULL,"Airbus"
100,"Aircraft46",269,"Inactive","Airbus"
101,"Aircraft47",NULL,"Inactive","Airbus"
102,"Aircraft48",336,"Inactive","Airbus"
103,"Aircraft49",278,"Inactive",NULL
104,"Aircraft50",300,"Active","Boeing"
