"airport_code","airport_name","city","country","latitude","longitude","elevation","timezone","is_international"
"A1",NULL,"City1","Country1","86.706980",NULL,3536,"Timezone1",NULL
"A2","Airport2","City2","Country2","82.127718","51.866513",395,"Timezone2",False
"A3","Airport3","City3","Country3",NULL,NULL,452,"Timezone3",False
"A4","Airport4","City4","Country4","-49.299824","148.996273",2797,"Timezone4",False
"A5","Airport5","City5","Country5","66.609103","-14.034843",2384,"Timezone5",False
"A6","Airport6","City6","Country6","15.600425","48.111070",257,"Timezone6",False
"A7","Airport7","City7",NULL,"77.652208",NULL,3869,"Timezone7",False
"A8","Airport8","City8","Country8","43.976056","-74.490997",115,"Timezone8",False
"A9","Airport9","City9",NULL,NULL,"-42.665137",NULL,NULL,False
"A10",NULL,"City10","Country10","78.222035","-126.007525",1511,"Timezone10",NULL
"A11","Airport11","City11","Country11","4.721356",NULL,2289,"Timezone11",True
"A12","Airport12","City12",NULL,"-18.325126","5.243887",2522,"Timezone12",False
"A13","Airport13","City13","Country13","87.372657","53.110748",4839,"Timezone13",False
"A14","Airport14","City14","Country14","24.305370",NULL,NULL,"Timezone14",NULL
"A15","Airport15","City15","Country15","-68.788489",NULL,1673,"Timezone15",NULL
"A16","Airport16","City16",NULL,NULL,"133.162488",1377,"Timezone16",True
"A17","Airport17","City17",NULL,"61.919496",NULL,NULL,"Timezone17",NULL
"A18",NULL,NULL,"Country18","3.085030","-139.195160",4858,NULL,True
"A19","Airport19",NULL,NULL,"-83.550193","-36.498154",644,"Timezone19",True
"A20","Airport20","City20","Country20","17.297853","-12.399558",559,"Timezone20",NULL
"A21",NULL,"City21","Country21","-61.643142",NULL,NULL,"Timezone21",False
"A22","Airport22","City22","Country22","-44.680759","-57.814923",4309,NULL,NULL
"A23","Airport23","City23",NULL,NULL,"140.835160",2942,NULL,NULL
"A24","Airport24",NULL,"Country24","31.626932","174.360775",1202,"Timezone24",False
"A25","Airport25","City25",NULL,NULL,NULL,3831,"Timezone25",NULL
"A26","Airport26","City26",NULL,NULL,"18.336592",NULL,"Timezone26",NULL
"A27",NULL,"City27","Country27","72.184951","171.992041",NULL,"Timezone27",True
"A28","Airport28",NULL,"Country28","27.306614","-165.863752",1166,NULL,False
"A29","Airport29","City29","Country29","58.504420","16.419833",4345,"Timezone29",False
"A30","Airport30","City30",NULL,"41.504814",NULL,703,"Timezone30",False
"A31","Airport31","City31",NULL,"27.839364","87.874678",662,"Timezone31",NULL
"A32",NULL,NULL,NULL,"54.039828",NULL,1781,"Timezone32",True
"A33","Airport33",NULL,"Country33","-35.523841","-95.549691",3966,"Timezone33",False
"A34","Airport34","City34","Country34","12.366490",NULL,4793,"Timezone34",True
"A35",NULL,"City35","Country35","-17.329193","124.873849",3508,NULL,False
"A36","Airport36","City36","Country36","-22.073256","-65.053373",3453,NULL,False
"A37","Airport37","City37","Country37",NULL,"-17.066643",2320,"Timezone37",NULL
"A38","Airport38","City38",NULL,"-60.771739",NULL,NULL,"Timezone38",True
"A39","Airport39",NULL,"Country39","-21.223311",NULL,3745,"Timezone39",False
"A40",NULL,"City40",NULL,NULL,"-9.621559",3030,"Timezone40",NULL
"A41","Airport41","City41","Country41","-28.660414","137.423806",NULL,"Timezone41",False
"A42","Airport42","City42","Country42","-76.172425","41.268220",1063,"Timezone42",False
"A43",NULL,"City43","Country43","15.063263","58.072613",4724,"Timezone43",True
"A44","Airport44","City44","Country44","24.324546","47.539109",4682,"Timezone44",False
"A45","Airport45","City45",NULL,"-68.054495",NULL,1,"Timezone45",True
"A46","Airport46",NULL,"Country46","41.655910","10.430028",NULL,"Timezone46",False
"A47","Airport47",NULL,NULL,"-2.867983",NULL,741,"Timezone47",False
"A48","Airport48","City48","Country48","45.335718","7.455774",1849,"Timezone48",NULL
"A49","Airport49","City49","Country49","48.682124","-22.601850",4392,"Timezone49",False
"A50","Airport50",NULL,"Country50",NULL,"-85.704050",4693,"Timezone50",NULL
"A51","Airport51","City51","Country51",NULL,"9.894753",3201,"Timezone51",False
"A52",NULL,"City52",NULL,"85.264443",NULL,NULL,NULL,False
"A53","Airport53","City53","Country53",NULL,"1.057882",2037,"Timezone53",NULL
"A54","Airport54","City54","Country54","-4.052201",NULL,334,NULL,True
"A55","Airport55","City55",NULL,NULL,"36.810543",77,"Timezone55",False
"A56",NULL,"City56","Country56","-38.198081","61.885079",1190,NULL,False
"A57",NULL,"City57","Country57","-61.142171","127.723915",2596,"Timezone57",NULL
"A58","Airport58","City58",NULL,NULL,"-100.872429",NULL,NULL,True
"A59",NULL,"City59",NULL,NULL,"-67.621135",NULL,NULL,False
"A60",NULL,NULL,NULL,"59.448809","-84.800407",281,"Timezone60",True
"A61","Airport61","City61",NULL,"75.741952","50.613584",NULL,NULL,True
"A62",NULL,NULL,"Country62","74.653017",NULL,NULL,"Timezone62",False
"A63","Airport63","City63","Country63","75.981825","51.284177",NULL,"Timezone63",NULL
"A64","Airport64","City64","Country64","-77.931864","-133.021565",3466,"Timezone64",NULL
"A65",NULL,"City65",NULL,"65.365351","-173.517357",NULL,"Timezone65",NULL
"A66",NULL,"City66",NULL,"-54.294114","8.280801",NULL,"Timezone66",False
"A67","Airport67","City67",NULL,"51.751185",NULL,3079,"Timezone67",NULL
"A68","Airport68","City68","Country68",NULL,NULL,NULL,"Timezone68",NULL
"A69","Airport69",NULL,"Country69",NULL,"75.643040",2818,"Timezone69",NULL
"A70","Airport70","City70","Country70","31.632424",NULL,4239,NULL,NULL
"A71","Airport71",NULL,NULL,NULL,"29.531085",NULL,"Timezone71",NULL
"A72","Airport72","City72",NULL,"36.937910","50.080127",91,NULL,NULL
"A73","Airport73","City73",NULL,"69.992870","-158.747556",2839,"Timezone73",True
"A74",NULL,"City74","Country74","-10.357399","79.876746",4924,"Timezone74",False
"A75",NULL,"City75","Country75","-8.073473","-55.734395",70,NULL,False
"A76","Airport76","City76",NULL,"-89.838774","11.568139",1324,"Timezone76",NULL
"A77","Airport77","City77",NULL,NULL,"-7.926813",NULL,"Timezone77",True
"A78","Airport78","City78",NULL,NULL,"37.500520",4460,"Timezone78",True
"A79",NULL,"City79","Country79","16.558433","-62.055979",2343,"Timezone79",True
"A80","Airport80","City80",NULL,"-21.690581","-166.734885",4791,"Timezone80",NULL
"A81","Airport81",NULL,"Country81","-5.737835","-36.766176",3905,"Timezone81",NULL
"A82","Airport82","City82","Country82",NULL,"-115.894125",990,NULL,False
"A83","Airport83","City83","Country83",NULL,"-83.533665",1012,"Timezone83",True
"A84","Airport84",NULL,NULL,"41.948522","119.655716",3019,"Timezone84",False
"A85","Airport85",NULL,NULL,"-39.320092","26.209982",1859,"Timezone85",True
"A86","Airport86","City86","Country86","72.861034","168.422890",NULL,"Timezone86",True
"A87","Airport87","City87","Country87",NULL,"97.413755",1118,"Timezone87",NULL
"A88","Airport88",NULL,NULL,"-44.282620","-149.235211",1770,"Timezone88",False
"A89","Airport89",NULL,NULL,"1.718006","-50.218734",2391,"Timezone89",NULL
"A90","Airport90","City90","Country90",NULL,"87.388606",2338,NULL,True
"A91","Airport91","City91",NULL,"86.858493","-126.005981",NULL,NULL,True
"A92","Airport92","City92","Country92","9.418421","20.283170",NULL,NULL,True
"A93","Airport93","City93","Country93","74.273887",NULL,NULL,"Timezone93",True
"A94","Airport94","City94","Country94","55.250403","36.517269",12,"Timezone94",NULL
"A95","Airport95","City95",NULL,NULL,NULL,114,"Timezone95",False
"A96","Airport96","City96",NULL,NULL,"-39.018026",689,"Timezone96",True
"A97",NULL,"City97","Country97","70.671583","36.080172",47,"Timezone97",True
"A98","Airport98","City98","Country98",NULL,"-107.075541",2237,"Timezone98",True
"A99",NULL,"City99","Country99","-14.352989","-147.886225",2696,NULL,NULL
"A100","Airport100","City100","Country100","87.589221",NULL,NULL,"Timezone100",NULL
"A101","Airport101","City101","Country101",NULL,"-106.701842",2085,NULL,NULL
"A102",NULL,NULL,"Country102","-27.766437","-59.510441",4929,"Timezone102",False
"A103","Airport103","City103","Country103",NULL,NULL,4718,"Timezone103",True
"A104",NULL,"City104",NULL,"-64.344066",NULL,1414,"Timezone104",NULL
"A105",NULL,NULL,"Country105","84.676743","-30.037612",10,"Timezone105",NULL
"A106","Airport106","City106","Country106",NULL,"44.892597",318,"Timezone106",False
"A107","Airport107","City107","Country107","-14.243732","-21.409997",4853,"Timezone107",True
"A108","Airport108","City108","Country108",NULL,NULL,3204,"Timezone108",True
"A109","Airport109","City109",NULL,"63.919590","175.829312",2605,"Timezone109",False
"A110",NULL,"City110","Country110","-73.764722","113.000621",4443,"Timezone110",False
"A111","Airport111","City111","Country111","-35.867560",NULL,2992,"Timezone111",True
"A112",NULL,"City112","Country112",NULL,"-64.000912",NULL,"Timezone112",NULL
"A113","Airport113","City113","Country113","9.139564","-109.668016",NULL,NULL,True
"A114","Airport114",NULL,NULL,"32.690763",NULL,211,"Timezone114",False
"A115","Airport115","City115",NULL,"-19.772103","22.700901",3621,"Timezone115",NULL
"A116","Airport116","City116","Country116","66.698959","7.174896",NULL,NULL,False
"A117","Airport117","City117","Country117","-59.688439",NULL,4482,"Timezone117",True
"A118",NULL,"City118","Country118",NULL,"-91.654341",4073,NULL,False
"A119","Airport119","City119","Country119","-84.666770",NULL,NULL,"Timezone119",False
"A120","Airport120","City120","Country120","40.482016","-18.827186",3210,"Timezone120",False
"A121","Airport121","City121","Country121",NULL,"-101.900716",NULL,NULL,False
"A122","Airport122","City122",NULL,NULL,NULL,NULL,"Timezone122",NULL
"A123","Airport123","City123","Country123","-43.751220","-36.181477",547,"Timezone123",NULL
"A124","Airport124","City124",NULL,NULL,NULL,4567,"Timezone124",NULL
"A125","Airport125",NULL,"Country125","-48.430567","148.051507",90,NULL,True
"A126",NULL,"City126","Country126","53.268936","76.317026",NULL,"Timezone126",False
"A127","Airport127",NULL,"Country127","-38.711529","-6.924280",3320,"Timezone127",True
"A128",NULL,"City128","Country128",NULL,"-4.089852",3508,"Timezone128",NULL
"A129","Airport129","City129","Country129","0.181110","-24.691705",NULL,"Timezone129",True
"A130",NULL,NULL,"Country130","57.345192",NULL,3018,"Timezone130",False
"A131","Airport131",NULL,"Country131","-55.032365",NULL,NULL,"Timezone131",False
"A132",NULL,"City132",NULL,"-47.450667",NULL,NULL,"Timezone132",True
"A133",NULL,"City133","Country133",NULL,"-129.695915",65,NULL,True
"A134","Airport134","City134","Country134",NULL,"-92.365152",4199,"Timezone134",True
"A135","Airport135","City135","Country135",NULL,NULL,3313,"Timezone135",True
"A136","Airport136","City136",NULL,"84.467978","157.404576",562,"Timezone136",True
"A137",NULL,NULL,"Country137","14.909242","-95.223349",4881,"Timezone137",True
"A138","Airport138","City138",NULL,NULL,"164.815597",3125,NULL,NULL
"A139",NULL,"City139","Country139",NULL,"-6.045397",NULL,"Timezone139",True
"A140",NULL,"City140",NULL,"-89.084208",NULL,4341,NULL,False
"A141","Airport141","City141",NULL,"-76.435037","177.097064",4850,"Timezone141",True
"A142",NULL,"City142",NULL,"70.307073","-44.001000",4986,"Timezone142",False
"A143","Airport143","City143",NULL,"9.263917","80.946314",1953,"Timezone143",True
"A144","Airport144","City144","Country144","-64.127256","1.826101",3773,"Timezone144",NULL
"A145","Airport145","City145",NULL,NULL,"-33.331025",3124,"Timezone145",True
"A146",NULL,"City146","Country146",NULL,"-36.088745",NULL,NULL,NULL
"A147",NULL,NULL,NULL,"-32.823829","-66.915807",NULL,"Timezone147",NULL
"A148","Airport148","City148","Country148","16.749833",NULL,971,"Timezone148",False
"A149",NULL,"City149","Country149","-44.682177","-39.523419",3645,NULL,True
"A150","Airport150","City150","Country150",NULL,"86.206019",NULL,"Timezone150",False
"A151","Airport151","City151",NULL,"49.364584",NULL,3188,"Timezone151",NULL
"A152","Airport152",NULL,"Country152","82.139621","-46.675574",1699,"Timezone152",False
"A153","Airport153","City153",NULL,"-2.855017","-80.673918",4385,"Timezone153",False
"A154","Airport154","City154","Country154","-4.713671","-162.438966",3615,"Timezone154",NULL
"A155",NULL,NULL,"Country155",NULL,NULL,771,"Timezone155",False
"A156","Airport156",NULL,"Country156",NULL,"61.325291",3410,"Timezone156",True
"A157",NULL,"City157","Country157","58.821861","1.294837",2951,"Timezone157",False
"A158","Airport158","City158","Country158","-66.005601",NULL,2123,"Timezone158",False
"A159","Airport159","City159","Country159","-56.771318","-115.421630",3515,"Timezone159",True
"A160","Airport160","City160","Country160","-75.576276",NULL,2443,"Timezone160",NULL
"A161","Airport161","City161","Country161","62.104502","96.925884",1769,"Timezone161",False
"A162",NULL,"City162","Country162",NULL,"-176.197511",2266,NULL,NULL
"A163",NULL,"City163",NULL,NULL,NULL,2651,"Timezone163",True
"A164","Airport164","City164",NULL,"-1.161827",NULL,3673,"Timezone164",True
"A165",NULL,"City165","Country165","-26.309597","171.186675",1763,NULL,True
"A166",NULL,"City166","Country166","-57.860690","-118.101176",4902,"Timezone166",NULL
"A167","Airport167","City167","Country167","54.364182","-171.403036",1352,"Timezone167",NULL
"A168","Airport168","City168","Country168",NULL,"-89.807544",1837,"Timezone168",NULL
"A169","Airport169","City169","Country169",NULL,"84.413295",2598,"Timezone169",True
"A170",NULL,"City170",NULL,"77.427209","-95.691787",3201,NULL,True
"A171","Airport171",NULL,NULL,"-70.869012","159.064003",NULL,"Timezone171",NULL
"A172","Airport172",NULL,NULL,"-64.938632","-3.891560",4372,"Timezone172",False
"A173","Airport173","City173","Country173","-34.552862",NULL,2056,"Timezone173",True
"A174",NULL,"City174",NULL,NULL,"174.687571",1660,"Timezone174",True
"A175","Airport175",NULL,"Country175","75.375833","-122.203482",1200,"Timezone175",NULL
"A176","Airport176","City176",NULL,"-40.475491",NULL,4471,"Timezone176",True
"A177",NULL,"City177","Country177","-43.534214",NULL,4324,NULL,NULL
"A178","Airport178","City178","Country178",NULL,"-174.797801",506,"Timezone178",True
"A179","Airport179","City179","Country179","7.389480",NULL,1103,"Timezone179",False
"A180","Airport180","City180","Country180","62.648230","-171.087316",1642,"Timezone180",True
"A181","Airport181","City181","Country181","-38.249450","122.715007",NULL,NULL,False
"A182","Airport182","City182","Country182","0.202093","171.476870",2672,NULL,False
"A183","Airport183","City183","Country183","25.801607",NULL,NULL,"Timezone183",True
"A184","Airport184","City184","Country184","51.553721",NULL,2605,"Timezone184",True
"A185","Airport185",NULL,NULL,"13.841142","177.665532",1734,"Timezone185",NULL
"A186","Airport186",NULL,"Country186","-3.436009","-7.981971",2223,"Timezone186",False
"A187","Airport187",NULL,"Country187",NULL,"147.073962",3138,NULL,False
"A188",NULL,"City188","Country188",NULL,"45.278244",657,NULL,False
"A189","Airport189","City189",NULL,NULL,"41.978268",NULL,"Timezone189",True
"A190","Airport190","City190","Country190","-40.443782",NULL,2931,NULL,True
"A191","Airport191","City191","Country191",NULL,NULL,1519,"Timezone191",NULL
"A192","Airport192","City192","Country192","40.108454","7.930988",329,"Timezone192",False
"A193","Airport193","City193","Country193","-45.233451",NULL,3636,NULL,False
"A194","Airport194","City194","Country194","-82.232257","126.421644",2651,"Timezone194",True
"A195",NULL,"City195",NULL,"10.487515","51.516312",NULL,"Timezone195",NULL
"A196","Airport196","City196","Country196","-33.927839","34.306112",NULL,NULL,True
"A197","Airport197","City197","Country197","-47.659512","99.456768",649,"Timezone197",NULL
"A198","Airport198","City198","Country198","-6.960051","23.523470",NULL,"Timezone198",NULL
"A199","Airport199",NULL,NULL,"25.899301","-131.984830",NULL,"Timezone199",True
"A200","Airport200","City200","Country200",NULL,"32.394628",1847,"Timezone200",False
"A201","Airport201","City201",NULL,"41.434965","-34.658705",318,NULL,True
"A202","Airport202","City202","Country202",NULL,"-76.003045",2495,NULL,True
"A203","Airport203","City203","Country203","37.963630","163.381918",2324,"Timezone203",True
"A204",NULL,"City204","Country204","3.513651","-173.407259",104,"Timezone204",False
"A205","Airport205","City205","Country205","86.550329","165.051291",399,"Timezone205",True
"A206","Airport206","City206","Country206","86.175274","-141.176228",2894,"Timezone206",True
"A207",NULL,"City207","Country207","-81.370700","108.111557",NULL,"Timezone207",True
"A208","Airport208","City208","Country208","42.107759","99.290526",114,"Timezone208",NULL
"A209",NULL,"City209","Country209","-36.979064","52.224609",152,"Timezone209",False
"A210","Airport210","City210","Country210","-60.961712",NULL,NULL,"Timezone210",True
"A211","Airport211","City211","Country211","-59.484650","-34.569702",3247,"Timezone211",True
"A212",NULL,NULL,"Country212","-39.453625","156.945001",1100,NULL,False
"A213",NULL,"City213","Country213","-29.205698","81.947012",NULL,"Timezone213",NULL
"A214","Airport214","City214","Country214","37.149799","-106.605019",NULL,"Timezone214",NULL
"A215","Airport215","City215","Country215","-17.475112","24.138965",1342,"Timezone215",False
"A216","Airport216","City216","Country216","-19.168260","10.055596",2978,NULL,False
"A217","Airport217","City217",NULL,"-21.827102",NULL,3240,"Timezone217",True
"A218","Airport218","City218","Country218",NULL,NULL,2502,"Timezone218",NULL
"A219","Airport219","City219","Country219","-6.712951",NULL,841,"Timezone219",NULL
"A220",NULL,NULL,NULL,NULL,NULL,2858,"Timezone220",False
"A221","Airport221","City221",NULL,"4.798055",NULL,1941,"Timezone221",True
"A222","Airport222","City222",NULL,"-6.126428",NULL,1075,"Timezone222",False
"A223","Airport223",NULL,NULL,"45.549665","-50.134784",3,"Timezone223",NULL
"A224",NULL,"City224","Country224","48.643928","-70.009677",NULL,"Timezone224",True
"A225",NULL,"City225","Country225","28.705418",NULL,NULL,NULL,False
"A226","Airport226","City226",NULL,"53.439672","-92.607322",NULL,NULL,False
"A227",NULL,NULL,"Country227",NULL,"116.261692",NULL,"Timezone227",False
"A228","Airport228","City228","Country228","-28.816414","114.946606",4375,"Timezone228",NULL
"A229","Airport229","City229","Country229","-16.510798","132.614504",150,NULL,True
"A230",NULL,"City230","Country230","54.679875",NULL,272,"Timezone230",NULL
"A231","Airport231",NULL,"Country231","-87.750165",NULL,98,NULL,True
"A232",NULL,"City232","Country232","-80.281867","-146.193084",NULL,"Timezone232",True
"A233","Airport233","City233","Country233",NULL,NULL,NULL,"Timezone233",True
"A234","Airport234","City234","Country234","-59.226592",NULL,289,"Timezone234",False
"A235","Airport235",NULL,"Country235","12.074338","-118.121693",977,NULL,False
"A236",NULL,NULL,"Country236","-73.004294","-80.758021",2930,"Timezone236",True
"A237","Airport237",NULL,"Country237","-82.663316","166.455068",1003,"Timezone237",True
"A238","Airport238",NULL,"Country238","74.488954","-149.553970",NULL,"Timezone238",True
"A239","Airport239","City239","Country239","75.355952",NULL,4244,"Timezone239",True
"A240","Airport240","City240","Country240","-30.899540","-122.242122",1355,"Timezone240",NULL
"A241","Airport241",NULL,"Country241","-52.802871",NULL,4646,"Timezone241",True
"A242","Airport242","City242","Country242","60.181746",NULL,298,"Timezone242",False
"A243","Airport243","City243","Country243",NULL,NULL,4100,"Timezone243",False
"A244","Airport244","City244","Country244","30.122216","-114.180458",NULL,NULL,NULL
"A245","Airport245",NULL,"Country245","25.513038",NULL,2871,"Timezone245",NULL
"A246",NULL,"City246","Country246","10.348091","-139.066303",NULL,"Timezone246",True
"A247",NULL,NULL,"Country247",NULL,"129.938573",4035,NULL,True
"A248","Airport248","City248","Country248","-12.581031","-22.125055",2150,"Timezone248",False
"A249",NULL,"City249","Country249","-85.120344","-47.854247",2674,NULL,False
"A250","Airport250","City250","Country250","-82.772202","119.554936",2789,"Timezone250",False
"A251","Airport251","City251","Country251","33.073000","-150.461856",4001,"Timezone251",True
"A252","Airport252","City252",NULL,"51.186937","-154.738581",NULL,"Timezone252",False
"A253",NULL,"City253","Country253","51.791025","17.421080",105,NULL,False
"A254","Airport254","City254","Country254","-15.016207",NULL,NULL,NULL,True
"A255","Airport255","City255","Country255","41.899600",NULL,NULL,"Timezone255",True
"A256","Airport256","City256",NULL,NULL,"-144.096678",3873,"Timezone256",False
"A257","Airport257","City257","Country257","70.194100","48.932431",4650,"Timezone257",NULL
"A258","Airport258","City258","Country258","-61.574600","-16.842233",1395,"Timezone258",True
"A259",NULL,"City259",NULL,"34.444568","-83.611837",1031,"Timezone259",True
"A260",NULL,"City260",NULL,"-67.282947","128.506404",NULL,"Timezone260",True
"A261","Airport261","City261","Country261","67.959475","-29.385194",2275,"Timezone261",NULL
"A262","Airport262",NULL,NULL,"-56.784231","-4.625206",260,"Timezone262",True
"A263",NULL,NULL,"Country263","39.156375",NULL,2207,"Timezone263",True
"A264","Airport264","City264","Country264","-12.886302","96.479324",3515,"Timezone264",False
"A265","Airport265","City265",NULL,NULL,"136.176786",4729,NULL,True
"A266","Airport266","City266","Country266","-54.692589","-113.921442",NULL,"Timezone266",True
"A267",NULL,NULL,NULL,"6.283803","-150.780828",1228,NULL,True
"A268","Airport268",NULL,"Country268","73.187658","-174.140571",NULL,"Timezone268",True
"A269",NULL,"City269","Country269",NULL,"-83.710975",NULL,"Timezone269",True
"A270","Airport270","City270","Country270","-80.750728","-0.667600",4962,"Timezone270",True
"A271","Airport271","City271","Country271","55.534242","98.902667",3241,"Timezone271",NULL
"A272",NULL,"City272","Country272",NULL,"133.240301",1378,"Timezone272",False
"A273",NULL,NULL,"Country273","31.439303","-109.323800",4520,NULL,NULL
"A274","Airport274","City274","Country274",NULL,"74.727105",3056,"Timezone274",False
"A275","Airport275","City275","Country275","82.401441","146.989913",3699,"Timezone275",True
"A276","Airport276","City276",NULL,"64.191812","161.175820",1996,"Timezone276",False
"A277","Airport277","City277","Country277","-15.142252","146.910065",NULL,"Timezone277",True
"A278","Airport278","City278","Country278","66.170418","-121.150233",4746,"Timezone278",NULL
"A279","Airport279","City279",NULL,"36.335893",NULL,2813,NULL,False
"A280","Airport280","City280","Country280","62.576993","73.932480",NULL,"Timezone280",NULL
"A281","Airport281","City281","Country281","-79.955640","-69.984357",4080,"Timezone281",True
"A282",NULL,"City282","Country282","-71.642253","-82.504450",NULL,NULL,True
"A283","Airport283",NULL,"Country283","-42.212814","-72.746017",264,"Timezone283",False
"A284","Airport284","City284","Country284","78.940557","-87.422913",2464,NULL,False
"A285","Airport285","City285",NULL,"-3.022224",NULL,1308,"Timezone285",True
"A286","Airport286","City286","Country286","-16.053539",NULL,NULL,"Timezone286",True
"A287","Airport287",NULL,"Country287","76.581495","-38.373262",1483,"Timezone287",True
"A288","Airport288","City288",NULL,"88.298553","-43.955121",NULL,NULL,NULL
"A289","Airport289",NULL,"Country289","53.273224","-62.384163",3188,"Timezone289",True
"A290","Airport290","City290","Country290","-84.257448",NULL,4097,"Timezone290",True
"A291","Airport291",NULL,"Country291","11.058620","85.288128",2706,"Timezone291",False
"A292","Airport292",NULL,"Country292","-49.628650","164.902160",NULL,"Timezone292",True
"A293","Airport293",NULL,"Country293","89.338506","-44.716018",683,"Timezone293",NULL
"A294","Airport294","City294",NULL,"-88.365845","148.175135",2211,"Timezone294",True
"A295","Airport295","City295","Country295","-44.823460","-175.976640",4921,"Timezone295",True
"A296",NULL,"City296","Country296",NULL,"51.808658",NULL,"Timezone296",True
"A297","Airport297","City297","Country297",NULL,NULL,3026,"Timezone297",False
"A298","Airport298","City298","Country298","-39.194468","47.582560",1736,"Timezone298",True
"A299","Airport299","City299","Country299","63.600194","176.107403",133,"Timezone299",True
"A300","Airport300",NULL,"Country300",NULL,"-119.991622",2228,NULL,NULL
"A301",NULL,"City301","Country301","15.571756","64.396168",NULL,"Timezone301",False
"A302","Airport302","City302","Country302","21.437135","30.570360",NULL,"Timezone302",True
"A303","Airport303","City303","Country303","-24.518141","-81.710993",4098,"Timezone303",True
"A304",NULL,"City304","Country304","-4.942518","77.882938",4912,"Timezone304",True
"A305","Airport305","City305","Country305","10.807235","-107.132956",NULL,"Timezone305",True
"A306","Airport306","City306",NULL,"83.824487",NULL,4812,"Timezone306",NULL
"A307","Airport307","City307","Country307","-84.556157",NULL,189,"Timezone307",False
"A308","Airport308","City308","Country308","82.825728",NULL,4015,NULL,False
"A309","Airport309",NULL,NULL,"86.166620","86.087564",4567,"Timezone309",True
"A310","Airport310","City310","Country310","-73.688805","-119.447406",3585,"Timezone310",False
"A311","Airport311",NULL,"Country311","6.975371","30.723272",4870,"Timezone311",True
"A312",NULL,"City312",NULL,"77.904318","96.150262",2734,"Timezone312",True
"A313","Airport313","City313","Country313","-19.648339","150.026777",1439,"Timezone313",True
"A314","Airport314","City314","Country314","-28.886596","35.154193",NULL,"Timezone314",True
"A315",NULL,"City315","Country315","12.719579","-14.862646",3824,"Timezone315",False
"A316","Airport316","City316",NULL,"50.933288","-158.650117",1422,NULL,True
"A317","Airport317","City317","Country317","30.366003","140.302281",3690,NULL,False
"A318",NULL,"City318",NULL,"-3.725042",NULL,1115,NULL,False
"A319","Airport319","City319","Country319",NULL,NULL,4415,"Timezone319",NULL
"A320","Airport320",NULL,"Country320",NULL,"35.028064",NULL,NULL,True
"A321","Airport321",NULL,"Country321","52.512561","-15.055199",4478,"Timezone321",NULL
"A322","Airport322","City322","Country322","32.039049","-125.000574",4811,"Timezone322",True
"A323","Airport323","City323","Country323",NULL,NULL,3781,NULL,True
"A324","Airport324","City324",NULL,"-89.584442",NULL,NULL,"Timezone324",False
"A325","Airport325","City325","Country325","-81.495602",NULL,875,"Timezone325",True
"A326",NULL,"City326","Country326",NULL,NULL,713,"Timezone326",True
"A327","Airport327","City327","Country327","-87.210258","131.265137",NULL,"Timezone327",True
"A328","Airport328",NULL,NULL,"84.224970",NULL,2616,NULL,True
"A329","Airport329","City329","Country329","-60.554946",NULL,NULL,"Timezone329",True
"A330",NULL,"City330","Country330","86.063742","-62.606678",80,"Timezone330",False
"A331","Airport331","City331","Country331","-68.785844",NULL,NULL,"Timezone331",False
"A332",NULL,"City332",NULL,"-77.923433","-32.323078",1476,"Timezone332",True
"A333","Airport333","City333",NULL,NULL,"-110.591169",4659,"Timezone333",True
"A334","Airport334","City334",NULL,"-35.933661","-88.373095",605,"Timezone334",True
"A335","Airport335","City335","Country335",NULL,"-30.938936",2139,"Timezone335",True
"A336","Airport336","City336",NULL,NULL,"-10.076169",4496,"Timezone336",NULL
"A337",NULL,NULL,"Country337","87.969596","59.799634",4660,"Timezone337",False
"A338","Airport338","City338","Country338","-15.054374","28.940314",NULL,"Timezone338",True
"A339","Airport339",NULL,"Country339","38.421289","-144.607253",3561,"Timezone339",True
"A340","Airport340",NULL,"Country340",NULL,NULL,3241,NULL,False
"A341","Airport341","City341","Country341","-77.827948","-83.180520",4557,"Timezone341",False
"A342","Airport342","City342","Country342","-66.135093","167.183044",4419,"Timezone342",True
"A343","Airport343","City343","Country343","-40.629139",NULL,2005,"Timezone343",NULL
"A344","Airport344",NULL,"Country344","59.423900",NULL,1487,NULL,False
"A345","Airport345","City345","Country345",NULL,"117.881256",1668,"Timezone345",True
"A346","Airport346","City346",NULL,"53.964954",NULL,8,"Timezone346",True
"A347","Airport347","City347","Country347","-43.882140","-96.542089",1894,"Timezone347",True
"A348","Airport348",NULL,"Country348","-68.843361","-154.399630",3644,"Timezone348",NULL
"A349","Airport349","City349",NULL,"-87.044484","79.815098",2027,NULL,True
"A350","Airport350","City350","Country350","86.258359","-68.547052",1098,NULL,False
"A351","Airport351",NULL,"Country351","67.313911","52.899917",2114,NULL,True
"A352",NULL,"City352","Country352","-63.674082","-12.165338",NULL,"Timezone352",True
"A353","Airport353","City353","Country353","-47.098667",NULL,2838,"Timezone353",False
"A354","Airport354","City354","Country354","-11.201202","-60.793671",4783,"Timezone354",False
"A355","Airport355","City355","Country355",NULL,"172.216745",4920,"Timezone355",NULL
"A356","Airport356",NULL,NULL,"-62.890287","11.484578",101,"Timezone356",False
"A357","Airport357",NULL,"Country357","-61.633979",NULL,NULL,NULL,False
"A358",NULL,"City358",NULL,"66.656928","-122.000699",NULL,NULL,True
"A359","Airport359","City359","Country359","-26.222417","78.714041",NULL,NULL,False
"A360",NULL,NULL,NULL,"-34.233708",NULL,2687,"Timezone360",NULL
"A361","Airport361",NULL,"Country361",NULL,"74.197730",471,NULL,NULL
"A362","Airport362","City362","Country362","38.305164",NULL,4930,"Timezone362",True
"A363","Airport363","City363","Country363","36.387036","-18.026781",3618,"Timezone363",True
"A364","Airport364",NULL,"Country364","-23.409450","-149.245247",1613,"Timezone364",False
"A365","Airport365",NULL,"Country365","-79.749026","-136.340352",939,"Timezone365",True
"A366","Airport366","City366","Country366","7.568454","-48.675607",1499,"Timezone366",False
"A367",NULL,"City367","Country367",NULL,"134.583391",2579,NULL,True
"A368","Airport368","City368","Country368",NULL,"-48.487281",2558,NULL,NULL
"A369","Airport369","City369","Country369","-40.502264","-113.906432",223,"Timezone369",False
"A370",NULL,"City370",NULL,NULL,"-12.780719",2615,"Timezone370",True
"A371","Airport371","City371","Country371",NULL,"-110.091496",1969,"Timezone371",False
"A372","Airport372",NULL,"Country372","40.246262","-83.256479",NULL,"Timezone372",False
"A373","Airport373","City373","Country373","-19.859067",NULL,3098,"Timezone373",True
"A374","Airport374","City374","Country374","-31.247369","-171.427386",3332,"Timezone374",True
"A375","Airport375","City375","Country375","-54.254627",NULL,139,"Timezone375",False
"A376","Airport376","City376","Country376","-61.793507",NULL,1361,"Timezone376",True
"A377","Airport377","City377","Country377","24.813633","10.866649",2499,"Timezone377",False
"A378","Airport378","City378","Country378",NULL,NULL,4000,"Timezone378",NULL
"A379","Airport379",NULL,"Country379","60.977785","-40.850728",647,"Timezone379",True
"A380","Airport380","City380","Country380",NULL,"63.714605",36,"Timezone380",False
"A381","Airport381",NULL,NULL,"6.162820","0.812431",NULL,"Timezone381",NULL
"A382","Airport382","City382",NULL,"78.317170","73.712251",1304,"Timezone382",NULL
"A383","Airport383","City383","Country383","83.022161","-71.889811",NULL,"Timezone383",NULL
"A384","Airport384",NULL,"Country384","-67.795992",NULL,2786,"Timezone384",True
"A385","Airport385","City385","Country385","-48.476715",NULL,1647,"Timezone385",False
"A386","Airport386","City386","Country386","64.078917","-165.970768",251,"Timezone386",False
"A387",NULL,NULL,"Country387","38.209738",NULL,1185,"Timezone387",NULL
"A388","Airport388","City388",NULL,"-45.488455",NULL,NULL,"Timezone388",True
"A389","Airport389",NULL,"Country389","-79.014447","-128.915250",2203,"Timezone389",False
"A390","Airport390","City390","Country390","-26.322835",NULL,NULL,NULL,True
"A391",NULL,"City391","Country391",NULL,NULL,NULL,"Timezone391",NULL
"A392","Airport392",NULL,NULL,"48.451010","88.778972",3218,"Timezone392",False
"A393",NULL,"City393","Country393","-66.836201","51.330287",1792,NULL,NULL
"A394","Airport394","City394",NULL,"9.973978","-85.684872",1501,"Timezone394",NULL
"A395","Airport395",NULL,"Country395",NULL,"44.425059",3606,NULL,False
"A396","Airport396","City396","Country396","-45.073418",NULL,NULL,NULL,NULL
"A397","Airport397",NULL,"Country397","47.067679","-171.587722",1886,"Timezone397",False
"A398",NULL,"City398","Country398","-29.620401","173.185616",3265,NULL,False
"A399","Airport399","City399","Country399","-23.442411","-19.639239",3279,"Timezone399",True
"A400","Airport400","City400",NULL,NULL,"-41.324553",4752,"Timezone400",NULL
"A401","Airport401","City401","Country401","-58.570187","52.882022",3881,NULL,False
"A402",NULL,NULL,NULL,"54.302282","-136.596596",3055,NULL,NULL
"A403",NULL,NULL,"Country403",NULL,"55.302530",2462,"Timezone403",True
"A404","Airport404","City404",NULL,"-8.817861","-164.975620",519,"Timezone404",True
"A405","Airport405",NULL,"Country405",NULL,"-172.150444",4467,"Timezone405",False
"A406",NULL,"City406","Country406","64.301666","76.686899",2325,NULL,NULL
"A407","Airport407",NULL,"Country407","17.242991","102.786590",911,NULL,True
"A408","Airport408","City408","Country408",NULL,"-5.247246",NULL,"Timezone408",NULL
"A409","Airport409","City409",NULL,"63.089534","52.381933",3490,"Timezone409",True
"A410","Airport410",NULL,"Country410","-29.752681","52.344524",4613,NULL,False
"A411",NULL,"City411","Country411","-10.283120","172.510574",669,"Timezone411",NULL
"A412","Airport412",NULL,NULL,NULL,"28.971234",1501,"Timezone412",True
"A413","Airport413","City413","Country413",NULL,"-133.590357",3577,"Timezone413",False
"A414","Airport414","City414","Country414",NULL,"141.941559",NULL,NULL,True
"A415","Airport415","City415","Country415","50.788624",NULL,3696,"Timezone415",NULL
"A416","Airport416","City416",NULL,"9.358588","128.830205",2931,"Timezone416",False
"A417","Airport417","City417",NULL,"83.264511","90.201452",NULL,"Timezone417",NULL
"A418","Airport418","City418",NULL,"-50.322496",NULL,NULL,"Timezone418",True
"A419",NULL,NULL,"Country419","11.416286","45.364842",NULL,"Timezone419",NULL
"A420","Airport420","City420","Country420","-57.417796","34.758523",NULL,"Timezone420",True
"A421","Airport421","City421","Country421",NULL,NULL,687,"Timezone421",True
"A422","Airport422","City422",NULL,"42.114701",NULL,3046,"Timezone422",NULL
"A423","Airport423","City423","Country423","15.993514","-157.395719",3931,"Timezone423",True
"A424",NULL,NULL,"Country424","-55.735069","165.037438",NULL,"Timezone424",False
"A425",NULL,"City425",NULL,"-51.953973","-57.714132",3476,"Timezone425",NULL
"A426",NULL,"City426","Country426","-8.010101","-125.903666",1859,"Timezone426",True
"A427","Airport427","City427","Country427","-0.375692","-11.734576",1742,"Timezone427",True
"A428","Airport428","City428","Country428","-29.603130","27.280043",4524,"Timezone428",False
"A429",NULL,NULL,NULL,"20.471937","-3.841787",1955,"Timezone429",NULL
"A430","Airport430","City430","Country430","8.427538","23.346315",3874,"Timezone430",False
"A431",NULL,"City431","Country431",NULL,NULL,NULL,"Timezone431",False
"A432","Airport432","City432","Country432",NULL,"33.139897",3048,"Timezone432",NULL
"A433","Airport433","City433","Country433","-50.467624","-119.235367",1097,"Timezone433",False
"A434",NULL,"City434","Country434","66.883630",NULL,556,"Timezone434",False
"A435","Airport435","City435","Country435","-66.540469",NULL,NULL,"Timezone435",False
"A436","Airport436","City436","Country436","39.939199","14.654993",NULL,NULL,False
"A437","Airport437","City437",NULL,"-50.793728","150.692848",1549,NULL,False
"A438","Airport438","City438","Country438",NULL,NULL,3188,"Timezone438",True
"A439","Airport439",NULL,"Country439","5.188543","47.613539",857,NULL,True
"A440","Airport440","City440","Country440","-41.650826","60.378635",2092,"Timezone440",False
"A441",NULL,NULL,"Country441","80.057922",NULL,4219,"Timezone441",NULL
"A442","Airport442",NULL,"Country442","-62.766512","78.745760",NULL,"Timezone442",False
"A443","Airport443",NULL,"Country443","1.905221","-18.576443",175,"Timezone443",False
"A444",NULL,"City444",NULL,NULL,NULL,4455,"Timezone444",True
"A445","Airport445","City445","Country445",NULL,"118.310533",4839,"Timezone445",True
"A446","Airport446","City446",NULL,NULL,"-64.797737",NULL,NULL,False
"A447","Airport447",NULL,"Country447",NULL,"-176.202936",NULL,"Timezone447",False
"A448","Airport448","City448","Country448","-78.517716","31.802750",NULL,NULL,False
"A449",NULL,"City449","Country449","-89.301049","30.756858",405,"Timezone449",False
"A450",NULL,"City450",NULL,"2.632934",NULL,4259,NULL,False
"A451","Airport451","City451",NULL,"-56.464072","39.790221",2084,"Timezone451",NULL
"A452","Airport452","City452",NULL,"-43.003709","-13.887458",431,"Timezone452",False
"A453","Airport453","City453","Country453","-89.239780",NULL,418,"Timezone453",False
"A454","Airport454",NULL,NULL,"-55.311659","-126.818476",NULL,"Timezone454",False
"A455","Airport455","City455","Country455",NULL,"-139.357471",4205,NULL,False
"A456",NULL,"City456",NULL,NULL,"-127.911984",NULL,"Timezone456",NULL
"A457",NULL,"City457","Country457",NULL,"178.577824",2769,"Timezone457",NULL
"A458","Airport458","City458","Country458","-45.797701","68.056368",NULL,"Timezone458",True
"A459","Airport459","City459","Country459","-44.720233","9.194181",1662,NULL,NULL
"A460",NULL,"City460","Country460","65.463644","50.327204",NULL,"Timezone460",True
"A461","Airport461","City461","Country461","38.707523",NULL,2390,NULL,True
"A462","Airport462",NULL,NULL,NULL,NULL,2939,"Timezone462",NULL
"A463","Airport463","City463","Country463","78.828946","-62.038812",3777,"Timezone463",True
"A464",NULL,"City464","Country464","44.039751","-58.394945",1939,"Timezone464",False
"A465","Airport465","City465","Country465",NULL,"114.021494",871,"Timezone465",False
"A466","Airport466","City466","Country466",NULL,"-43.027281",NULL,NULL,False
"A467","Airport467","City467","Country467",NULL,NULL,1534,"Timezone467",False
"A468",NULL,"City468","Country468","16.315333","122.264179",2387,"Timezone468",False
"A469","Airport469",NULL,"Country469","80.688862","-76.787239",2385,"Timezone469",True
"A470","Airport470","City470","Country470","0.848043","159.002547",NULL,NULL,True
"A471",NULL,"City471","Country471","74.397377","35.629918",2958,NULL,True
"A472",NULL,"City472","Country472",NULL,"179.707984",NULL,"Timezone472",False
"A473","Airport473","City473","Country473","46.451579","104.057250",2993,"Timezone473",True
"A474",NULL,"City474","Country474",NULL,"-10.084319",1322,"Timezone474",NULL
"A475","Airport475","City475","Country475","7.881231",NULL,NULL,"Timezone475",False
"A476","Airport476","City476",NULL,"47.791960",NULL,2703,"Timezone476",True
"A477","Airport477","City477","Country477","18.308819","-63.737049",4510,"Timezone477",NULL
"A478",NULL,"City478",NULL,NULL,"-109.549762",NULL,NULL,NULL
"A479","Airport479","City479","Country479","-80.211922","141.553536",NULL,"Timezone479",False
"A480","Airport480","City480","Country480","-71.450661",NULL,NULL,"Timezone480",True
"A481","Airport481","City481",NULL,NULL,"-30.986219",984,NULL,NULL
"A482","Airport482","City482","Country482","-4.752404",NULL,2979,"Timezone482",False
"A483",NULL,"City483","Country483","1.524384",NULL,NULL,"Timezone483",False
"A484","Airport484","City484","Country484","65.534323","-111.313546",4135,"Timezone484",NULL
"A485",NULL,"City485","Country485","-82.045485",NULL,NULL,NULL,False
"A486",NULL,NULL,"Country486","-13.744468","123.194412",NULL,"Timezone486",True
"A487",NULL,"City487","Country487",NULL,"93.753386",4678,"Timezone487",True
"A488",NULL,"City488",NULL,"-48.474823","4.384139",561,"Timezone488",True
"A489","Airport489",NULL,"Country489","-1.555044",NULL,3785,"Timezone489",True
"A490","Airport490",NULL,"Country490","15.223901",NULL,NULL,"Timezone490",False
"A491","Airport491","City491","Country491","-23.444497","156.436380",710,"Timezone491",NULL
"A492",NULL,"City492",NULL,"9.122976","76.932430",457,"Timezone492",NULL
"A493","Airport493",NULL,"Country493","-40.105894",NULL,NULL,"Timezone493",NULL
"A494",NULL,NULL,"Country494","-10.220493",NULL,3063,"Timezone494",False
"A495","Airport495","City495",NULL,"10.725244",NULL,2905,"Timezone495",False
"A496",NULL,"City496","Country496","47.660988",NULL,NULL,"Timezone496",NULL
"A497","Airport497",NULL,"Country497","13.056843","-93.123247",3251,"Timezone497",NULL
"A498",NULL,"City498","Country498","-89.011795",NULL,2657,"Timezone498",False
"A499","Airport499","City499",NULL,"16.991524","-4.484074",2485,"Timezone499",NULL
"A500","Airport500","City500","Country500","-11.997446",NULL,4248,NULL,True
