"crew_id","employee_id","name","type","email","phone","address","certification","experience_years","salary"
501,566,"Employee67","engineer","employee67@example.com","+12345678901","Address 1","Certification 1",NULL,544
502,591,"Employee92",NULL,NULL,"+12345678902","Address 2",NULL,NULL,141
503,1096,"Employee597","pilot","employee597@example.com","+12345678903","Address 3","Certification 3",0,NULL
504,1133,"Employee634","cabin crew","employee634@example.com","+12345678904",NULL,"Certification 4",17,959
505,1166,"Employee667","cabin crew","employee667@example.com",NULL,"Address 5","Certification 5",NULL,685
506,1298,"Employee799",NULL,"employee799@example.com","+12345678906",NULL,"Certification 6",9,NULL
507,850,"Employee351",NULL,"employee351@example.com","+12345678907","Address 7","Certification 7",NULL,142
508,612,"Employee113","pilot",NULL,"+12345678908",NULL,"Certification 8",2,784
509,1359,"Employee860",NULL,"employee860@example.com","+12345678909","Address 9","Certification 9",2,NULL
510,1081,"Employee582",NULL,NULL,NULL,"Address 10","Certification 10",15,NULL
511,751,NULL,NULL,"employee252@example.com",NULL,"Address 11","Certification 11",NULL,124
512,1338,NULL,"cabin crew",NULL,"+123456789012","Address 12","Certification 12",2,696
513,1152,"Employee653",NULL,NULL,"+123456789013","Address 13","Certification 13",NULL,720
514,1024,"Employee525","cabin crew","employee525@example.com","+123456789014",NULL,NULL,1,198
515,940,"Employee441","cabin crew",NULL,"+123456789015","Address 15",NULL,15,NULL
516,1335,"Employee836",NULL,NULL,"+123456789016","Address 16",NULL,14,673
517,1252,NULL,"pilot",NULL,"+123456789017","Address 17","Certification 17",16,NULL
518,643,"Employee144","cabin crew","employee144@example.com","+123456789018","Address 18","Certification 18",7,103
519,519,NULL,"pilot",NULL,"+123456789019","Address 19","Certification 19",NULL,753
520,688,"Employee189","pilot","employee189@example.com",NULL,"Address 20","Certification 20",17,709
521,776,"Employee277","engineer","employee277@example.com",NULL,"Address 21","Certification 21",12,NULL
522,505,"Employee6","engineer","employee6@example.com","+123456789022","Address 22","Certification 22",10,NULL
523,1435,NULL,NULL,"employee936@example.com","+123456789023","Address 23","Certification 23",10,180
524,1097,"Employee598","cabin crew","employee598@example.com","+123456789024","Address 24","Certification 24",NULL,618
525,639,"Employee140","engineer",NULL,"+123456789025","Address 25","Certification 25",4,983
526,1398,"Employee899","pilot",NULL,"+123456789026","Address 26","Certification 26",9,675
527,1053,NULL,NULL,NULL,"+123456789027","Address 27","Certification 27",9,NULL
528,1107,NULL,NULL,"employee608@example.com","+123456789028","Address 28","Certification 28",16,601
529,1442,NULL,"engineer","employee943@example.com",NULL,NULL,"Certification 29",9,673
530,1466,NULL,NULL,NULL,"+123456789030","Address 30",NULL,1,NULL
531,1230,"Employee731",NULL,NULL,"+123456789031",NULL,"Certification 31",19,356
532,1217,"Employee718","engineer","employee718@example.com","+123456789032",NULL,"Certification 32",NULL,675
533,1071,"Employee572","cabin crew",NULL,"+123456789033","Address 33","Certification 33",NULL,936
534,640,NULL,NULL,"employee141@example.com","+123456789034",NULL,"Certification 34",15,468
535,745,NULL,NULL,"employee246@example.com","+123456789035","Address 35","Certification 35",NULL,601
536,1322,"Employee823","engineer",NULL,NULL,NULL,"Certification 36",NULL,446
537,1253,"Employee754","pilot","employee754@example.com","+123456789037","Address 37","Certification 37",13,1
538,1204,NULL,"cabin crew",NULL,"+123456789038","Address 38","Certification 38",NULL,NULL
539,1172,"Employee673","pilot",NULL,"+123456789039","Address 39","Certification 39",0,831
540,553,"Employee54","cabin crew",NULL,"+123456789040",NULL,"Certification 40",17,812
541,1041,NULL,NULL,NULL,"+123456789041","Address 41","Certification 41",0,677
542,1092,NULL,"cabin crew",NULL,"+123456789042","Address 42",NULL,10,86
543,1161,NULL,"engineer",NULL,"+123456789043","Address 43","Certification 43",17,622
544,979,NULL,"cabin crew","employee480@example.com","+123456789044",NULL,"Certification 44",6,984
545,1255,"Employee756",NULL,NULL,"+123456789045","Address 45","Certification 45",19,986
546,672,"Employee173",NULL,"employee173@example.com",NULL,"Address 46",NULL,NULL,411
547,506,"Employee7",NULL,"employee7@example.com",NULL,"Address 47","Certification 47",0,657
548,1249,"Employee750","cabin crew","employee750@example.com","+123456789048",NULL,"Certification 48",6,696
549,1273,NULL,NULL,"employee774@example.com","+123456789049","Address 49","Certification 49",15,136
550,827,NULL,"cabin crew","employee328@example.com","+123456789050","Address 50","Certification 50",0,796
551,1492,NULL,NULL,"employee993@example.com","+123456789051","Address 51","Certification 51",5,749
552,800,NULL,NULL,"employee301@example.com",NULL,"Address 52","Certification 52",1,942
553,686,"Employee187",NULL,NULL,"+123456789053","Address 53","Certification 53",0,566
554,1479,"Employee980",NULL,NULL,"+123456789054","Address 54","Certification 54",0,412
555,1383,"Employee884",NULL,"employee884@example.com","+123456789055","Address 55","Certification 55",0,NULL
556,1182,"Employee683","cabin crew","employee683@example.com","+123456789056",NULL,NULL,NULL,8
557,669,"Employee170",NULL,NULL,NULL,"Address 57","Certification 57",17,NULL
558,833,NULL,"engineer","employee334@example.com",NULL,"Address 58","Certification 58",16,NULL
559,1199,"Employee700","pilot","employee700@example.com","+123456789059","Address 59","Certification 59",7,208
560,1179,NULL,"cabin crew",NULL,NULL,"Address 60",NULL,4,761
561,1433,"Employee934","cabin crew","employee934@example.com",NULL,NULL,"Certification 61",1,455
562,1445,NULL,"pilot","employee946@example.com","+123456789062",NULL,"Certification 62",2,85
563,1185,NULL,NULL,NULL,NULL,"Address 63","Certification 63",NULL,7
564,817,NULL,"pilot","employee318@example.com","+123456789064",NULL,NULL,14,NULL
565,1170,NULL,"cabin crew","employee671@example.com","+123456789065",NULL,"Certification 65",NULL,126
566,1040,NULL,NULL,"employee541@example.com","+123456789066","Address 66","Certification 66",7,587
567,706,"Employee207","cabin crew","employee207@example.com",NULL,"Address 67","Certification 67",NULL,NULL
568,1124,NULL,"pilot",NULL,"+123456789068","Address 68","Certification 68",14,NULL
569,1049,"Employee550","engineer","employee550@example.com","+123456789069","Address 69",NULL,19,808
570,887,"Employee388","cabin crew",NULL,NULL,"Address 70",NULL,6,801
571,732,"Employee233","cabin crew",NULL,NULL,"Address 71","Certification 71",15,559
572,1180,"Employee681","pilot","employee681@example.com","+123456789072","Address 72",NULL,19,NULL
573,1432,"Employee933","engineer",NULL,NULL,"Address 73",NULL,6,383
574,1195,"Employee696",NULL,NULL,"+123456789074","Address 74","Certification 74",NULL,NULL
575,786,"Employee287","cabin crew","employee287@example.com","+123456789075","Address 75","Certification 75",9,NULL
576,1167,"Employee668","engineer",NULL,"+123456789076","Address 76","Certification 76",1,NULL
577,904,NULL,"engineer","employee405@example.com","+123456789077",NULL,NULL,NULL,165
578,893,NULL,"engineer",NULL,"+123456789078","Address 78","Certification 78",1,643
579,1124,NULL,"pilot",NULL,"+123456789079","Address 79","Certification 79",1,885
580,660,NULL,"engineer",NULL,"+123456789080","Address 80","Certification 80",NULL,NULL
581,864,NULL,"cabin crew","employee365@example.com",NULL,NULL,"Certification 81",NULL,NULL
582,1418,"Employee919","pilot","employee919@example.com","+123456789082",NULL,"Certification 82",14,504
583,1017,NULL,NULL,NULL,"+123456789083","Address 83",NULL,NULL,430
584,1063,NULL,NULL,NULL,NULL,"Address 84","Certification 84",NULL,NULL
585,556,NULL,"cabin crew","employee57@example.com","+123456789085","Address 85","Certification 85",5,92
586,632,NULL,"engineer",NULL,"+123456789086",NULL,"Certification 86",6,NULL
587,615,NULL,NULL,"employee116@example.com","+123456789087","Address 87","Certification 87",9,419
588,983,NULL,NULL,"employee484@example.com",NULL,"Address 88","Certification 88",3,NULL
589,1275,NULL,NULL,"employee776@example.com","+123456789089","Address 89",NULL,1,220
590,1213,NULL,NULL,NULL,"+123456789090","Address 90","Certification 90",8,591
591,1214,NULL,NULL,"employee715@example.com",NULL,"Address 91","Certification 91",NULL,256
592,1309,"Employee810","engineer","employee810@example.com","+123456789092","Address 92",NULL,NULL,NULL
593,1106,"Employee607","cabin crew",NULL,"+123456789093","Address 93","Certification 93",5,NULL
594,543,"Employee44",NULL,"employee44@example.com","+123456789094",NULL,"Certification 94",NULL,NULL
595,1414,NULL,NULL,"employee915@example.com",NULL,"Address 95","Certification 95",2,NULL
596,1305,"Employee806","engineer","employee806@example.com",NULL,"Address 96","Certification 96",16,316
597,1328,"Employee829",NULL,"employee829@example.com","+123456789097","Address 97","Certification 97",NULL,NULL
598,996,NULL,"engineer","employee497@example.com","+123456789098","Address 98","Certification 98",11,NULL
599,1133,"Employee634",NULL,"employee634@example.com","+123456789099","Address 99","Certification 99",4,165
600,696,"Employee197","engineer","employee197@example.com","+1234567890100","Address 100","Certification 100",4,152
601,623,NULL,NULL,"employee124@example.com","+1234567890101","Address 101","Certification 101",19,557
602,1205,"Employee706","cabin crew","employee706@example.com","+1234567890102","Address 102","Certification 102",4,NULL
603,713,NULL,NULL,"employee214@example.com","+1234567890103","Address 103",NULL,NULL,449
604,1279,NULL,NULL,NULL,"+1234567890104","Address 104","Certification 104",4,430
605,1479,"Employee980","pilot","employee980@example.com","+1234567890105","Address 105",NULL,NULL,NULL
606,694,NULL,"engineer","employee195@example.com",NULL,"Address 106","Certification 106",16,583
607,774,"Employee275","cabin crew",NULL,NULL,"Address 107",NULL,12,NULL
608,581,"Employee82",NULL,NULL,"+1234567890108",NULL,NULL,NULL,28
609,1106,"Employee607","cabin crew","employee607@example.com","+1234567890109","Address 109","Certification 109",4,481
610,1449,"Employee950","cabin crew",NULL,"+1234567890110","Address 110","Certification 110",0,199
611,991,"Employee492",NULL,"employee492@example.com","+1234567890111","Address 111","Certification 111",0,756
612,789,"Employee290","cabin crew",NULL,"+1234567890112","Address 112","Certification 112",NULL,10
613,511,"Employee12","engineer","employee12@example.com","+1234567890113","Address 113","Certification 113",8,290
614,1341,"Employee842",NULL,"employee842@example.com","+1234567890114","Address 114","Certification 114",10,86
615,519,"Employee20","pilot","employee20@example.com","+1234567890115","Address 115","Certification 115",6,178
616,701,"Employee202","pilot","employee202@example.com","+1234567890116","Address 116","Certification 116",6,907
617,1120,"Employee621","cabin crew",NULL,"+1234567890117","Address 117","Certification 117",19,477
618,999,NULL,NULL,NULL,"+1234567890118","Address 118","Certification 118",10,NULL
619,1095,NULL,"cabin crew","employee596@example.com","+1234567890119",NULL,"Certification 119",1,607
620,836,"Employee337",NULL,NULL,"+1234567890120",NULL,NULL,11,NULL
621,1009,"Employee510","engineer","employee510@example.com","+1234567890121","Address 121","Certification 121",6,64
622,712,NULL,NULL,NULL,"+1234567890122","Address 122","Certification 122",NULL,NULL
623,1417,"Employee918",NULL,NULL,"+1234567890123",NULL,NULL,13,NULL
624,583,"Employee84","cabin crew","employee84@example.com","+1234567890124",NULL,"Certification 124",5,210
625,877,NULL,NULL,"employee378@example.com","+1234567890125","Address 125","Certification 125",10,692
626,596,"Employee97",NULL,"employee97@example.com",NULL,"Address 126","Certification 126",2,906
627,1319,"Employee820","engineer","employee820@example.com","+1234567890127",NULL,"Certification 127",17,725
628,1091,NULL,NULL,"employee592@example.com","+1234567890128","Address 128","Certification 128",0,785
629,1367,"Employee868",NULL,"employee868@example.com",NULL,"Address 129","Certification 129",1,340
630,703,"Employee204",NULL,"employee204@example.com","+1234567890130",NULL,NULL,19,NULL
631,637,NULL,"pilot","employee138@example.com","+1234567890131","Address 131",NULL,9,NULL
632,632,NULL,"engineer","employee133@example.com","+1234567890132","Address 132","Certification 132",14,897
633,1396,"Employee897",NULL,"employee897@example.com",NULL,"Address 133","Certification 133",18,NULL
634,981,"Employee482","pilot","employee482@example.com","+1234567890134",NULL,NULL,0,745
635,941,NULL,"pilot","employee442@example.com","+1234567890135","Address 135",NULL,16,753
636,682,"Employee183",NULL,NULL,"+1234567890136",NULL,"Certification 136",18,95
637,1027,NULL,NULL,NULL,NULL,"Address 137","Certification 137",8,456
638,1068,"Employee569",NULL,NULL,"+1234567890138",NULL,"Certification 138",16,NULL
639,894,"Employee395","cabin crew","employee395@example.com","+1234567890139","Address 139","Certification 139",15,937
640,1058,"Employee559",NULL,"employee559@example.com","+1234567890140",NULL,NULL,9,911
641,652,"Employee153",NULL,NULL,NULL,NULL,"Certification 141",4,807
642,702,"Employee203",NULL,"employee203@example.com","+1234567890142","Address 142","Certification 142",16,634
643,714,"Employee215",NULL,"employee215@example.com","+1234567890143",NULL,"Certification 143",11,381
644,673,"Employee174","cabin crew","employee174@example.com",NULL,"Address 144","Certification 144",14,NULL
645,531,"Employee32","pilot",NULL,"+1234567890145",NULL,"Certification 145",13,431
646,678,NULL,NULL,"employee179@example.com","+1234567890146","Address 146",NULL,10,837
647,1398,"Employee899","pilot","employee899@example.com","+1234567890147",NULL,"Certification 147",8,410
648,1182,"Employee683","cabin crew",NULL,"+1234567890148","Address 148","Certification 148",15,951
649,750,"Employee251",NULL,"employee251@example.com",NULL,NULL,NULL,10,153
650,1341,"Employee842",NULL,NULL,"+1234567890150","Address 150","Certification 150",4,491
651,842,"Employee343",NULL,"employee343@example.com","+1234567890151","Address 151","Certification 151",6,NULL
652,1380,"Employee881","cabin crew","employee881@example.com",NULL,"Address 152","Certification 152",11,921
653,531,"Employee32","pilot","employee32@example.com",NULL,NULL,"Certification 153",8,204
654,794,"Employee295",NULL,NULL,NULL,NULL,"Certification 154",7,802
655,1366,NULL,NULL,"employee867@example.com",NULL,"Address 155","Certification 155",2,416
656,1036,NULL,NULL,"employee537@example.com","+1234567890156","Address 156",NULL,9,377
657,1288,NULL,NULL,"employee789@example.com","+1234567890157","Address 157","Certification 157",17,945
658,531,NULL,"pilot","employee32@example.com","+1234567890158","Address 158","Certification 158",1,32
659,1316,"Employee817","engineer","employee817@example.com","+1234567890159","Address 159","Certification 159",NULL,NULL
660,701,"Employee202",NULL,"employee202@example.com","+1234567890160","Address 160","Certification 160",NULL,223
661,1243,"Employee744","pilot",NULL,"+1234567890161","Address 161","Certification 161",NULL,480
662,668,NULL,"cabin crew",NULL,"+1234567890162","Address 162","Certification 162",5,871
663,872,"Employee373","cabin crew","employee373@example.com","+1234567890163",NULL,"Certification 163",0,591
664,1411,NULL,NULL,NULL,"+1234567890164",NULL,"Certification 164",15,610
665,1244,"Employee745",NULL,NULL,NULL,"Address 165","Certification 165",13,950
666,1075,NULL,"engineer","employee576@example.com",NULL,"Address 166",NULL,11,205
667,576,"Employee77","cabin crew","employee77@example.com",NULL,"Address 167","Certification 167",5,930
668,1337,NULL,NULL,NULL,NULL,NULL,NULL,NULL,944
669,810,NULL,"cabin crew","employee311@example.com","+1234567890169","Address 169",NULL,14,974
670,1165,"Employee666","cabin crew",NULL,"+1234567890170",NULL,"Certification 170",NULL,849
671,887,"Employee388","cabin crew",NULL,"+1234567890171",NULL,"Certification 171",NULL,494
672,1049,"Employee550","engineer",NULL,NULL,"Address 172",NULL,18,990
673,610,"Employee111","engineer",NULL,NULL,"Address 173",NULL,9,793
674,757,NULL,"cabin crew","employee258@example.com","+1234567890174","Address 174","Certification 174",13,601
675,1308,"Employee809",NULL,NULL,"+1234567890175","Address 175",NULL,19,865
676,1174,"Employee675","engineer","employee675@example.com","+1234567890176","Address 176",NULL,10,NULL
677,1245,"Employee746","engineer","employee746@example.com","+1234567890177",NULL,"Certification 177",19,57
678,645,"Employee146",NULL,NULL,"+1234567890178","Address 178","Certification 178",15,552
679,685,"Employee186","pilot","employee186@example.com",NULL,NULL,"Certification 179",NULL,952
680,1288,NULL,"engineer","employee789@example.com",NULL,"Address 180","Certification 180",19,595
681,761,NULL,"cabin crew",NULL,NULL,"Address 181","Certification 181",17,75
682,975,"Employee476","pilot","employee476@example.com","+1234567890182","Address 182",NULL,NULL,874
683,1287,"Employee788","cabin crew","employee788@example.com","+1234567890183","Address 183","Certification 183",11,12
684,1029,NULL,"engineer",NULL,NULL,"Address 184","Certification 184",6,745
685,900,"Employee401",NULL,"employee401@example.com",NULL,"Address 185","Certification 185",NULL,148
686,854,"Employee355",NULL,NULL,"+1234567890186","Address 186","Certification 186",7,749
687,1126,NULL,"engineer",NULL,NULL,"Address 187","Certification 187",NULL,191
688,913,"Employee414","engineer","employee414@example.com","+1234567890188","Address 188",NULL,8,697
689,537,"Employee38",NULL,NULL,"+1234567890189","Address 189","Certification 189",13,475
690,554,NULL,"engineer",NULL,"+1234567890190","Address 190",NULL,7,772
691,1492,NULL,NULL,"employee993@example.com","+1234567890191","Address 191","Certification 191",16,187
692,1062,NULL,"cabin crew","employee563@example.com",NULL,"Address 192","Certification 192",NULL,786
693,1399,"Employee900","engineer","employee900@example.com","+1234567890193","Address 193",NULL,10,576
694,1480,"Employee981","cabin crew",NULL,NULL,"Address 194","Certification 194",18,874
695,806,NULL,"pilot",NULL,"+1234567890195","Address 195",NULL,NULL,NULL
696,1203,NULL,"pilot","employee704@example.com","+1234567890196",NULL,"Certification 196",14,NULL
697,1330,NULL,"cabin crew","employee831@example.com","+1234567890197","Address 197","Certification 197",NULL,42
698,1312,"Employee813","cabin crew","employee813@example.com",NULL,"Address 198","Certification 198",16,266
699,1091,NULL,"engineer","employee592@example.com","+1234567890199","Address 199","Certification 199",16,103
700,1480,"Employee981","cabin crew",NULL,"+1234567890200","Address 200",NULL,8,902
701,1334,NULL,NULL,"employee835@example.com","+1234567890201","Address 201","Certification 201",NULL,NULL
702,1455,NULL,NULL,NULL,"+1234567890202","Address 202",NULL,3,NULL
703,1035,NULL,NULL,NULL,"+1234567890203","Address 203","Certification 203",0,NULL
704,600,NULL,"pilot",NULL,"+1234567890204","Address 204",NULL,19,NULL
705,1067,NULL,NULL,NULL,"+1234567890205","Address 205","Certification 205",NULL,229
706,535,"Employee36",NULL,"employee36@example.com","+1234567890206","Address 206",NULL,11,382
707,1173,NULL,NULL,"employee674@example.com","+1234567890207",NULL,"Certification 207",13,852
708,992,"Employee493","cabin crew","employee493@example.com","+1234567890208","Address 208",NULL,15,495
709,615,"Employee116",NULL,"employee116@example.com",NULL,"Address 209","Certification 209",4,128
710,1357,"Employee858","cabin crew",NULL,"+1234567890210","Address 210",NULL,17,583
711,1098,NULL,"cabin crew",NULL,"+1234567890211","Address 211","Certification 211",14,745
712,664,"Employee165","engineer","employee165@example.com","+1234567890212","Address 212","Certification 212",0,294
713,1176,NULL,"cabin crew",NULL,"+1234567890213","Address 213",NULL,2,925
714,1309,"Employee810","engineer","employee810@example.com","+1234567890214","Address 214","Certification 214",NULL,NULL
715,853,NULL,"engineer","employee354@example.com",NULL,"Address 215","Certification 215",1,608
716,1264,NULL,"engineer","employee765@example.com",NULL,"Address 216",NULL,19,NULL
717,1194,"Employee695","cabin crew",NULL,NULL,"Address 217","Certification 217",4,892
718,1184,NULL,"engineer","employee685@example.com","+1234567890218","Address 218","Certification 218",NULL,123
719,1349,NULL,"cabin crew",NULL,"+1234567890219","Address 219","Certification 219",15,632
720,637,NULL,"pilot",NULL,"+1234567890220","Address 220","Certification 220",9,NULL
721,1217,NULL,NULL,NULL,"+1234567890221","Address 221","Certification 221",16,NULL
722,586,"Employee87","cabin crew",NULL,"+1234567890222",NULL,"Certification 222",0,358
723,1189,"Employee690",NULL,"employee690@example.com","+1234567890223","Address 223","Certification 223",NULL,669
724,555,NULL,NULL,"employee56@example.com",NULL,"Address 224",NULL,18,917
725,1230,"Employee731",NULL,"employee731@example.com","+1234567890225","Address 225","Certification 225",15,350
726,1279,"Employee780",NULL,NULL,NULL,"Address 226","Certification 226",0,NULL
727,1076,"Employee577",NULL,NULL,NULL,NULL,NULL,0,852
728,1309,NULL,NULL,NULL,"+1234567890228",NULL,"Certification 228",14,NULL
729,1326,"Employee827","pilot","employee827@example.com","+1234567890229","Address 229","Certification 229",7,516
730,764,"Employee265","pilot","employee265@example.com","+1234567890230","Address 230","Certification 230",9,NULL
731,1485,NULL,NULL,NULL,NULL,"Address 231","Certification 231",14,NULL
732,730,"Employee231",NULL,NULL,NULL,"Address 232","Certification 232",0,324
733,1088,"Employee589","engineer","employee589@example.com",NULL,"Address 233","Certification 233",19,NULL
734,1001,"Employee502",NULL,NULL,"+1234567890234","Address 234","Certification 234",17,877
735,718,NULL,"engineer",NULL,NULL,"Address 235","Certification 235",5,657
736,929,NULL,"engineer","employee430@example.com","+1234567890236","Address 236",NULL,2,NULL
737,1068,"Employee569",NULL,NULL,"+1234567890237","Address 237","Certification 237",19,NULL
738,1274,"Employee775","engineer",NULL,"+1234567890238",NULL,"Certification 238",5,NULL
739,817,"Employee318","pilot","employee318@example.com","+1234567890239","Address 239","Certification 239",8,615
740,1263,NULL,NULL,NULL,NULL,"Address 240","Certification 240",0,449
741,1287,"Employee788",NULL,NULL,"+1234567890241","Address 241","Certification 241",NULL,918
742,1232,"Employee733","pilot","employee733@example.com","+1234567890242","Address 242","Certification 242",5,892
743,610,"Employee111","engineer","employee111@example.com","+1234567890243","Address 243","Certification 243",6,629
744,1490,"Employee991","cabin crew","employee991@example.com","+1234567890244","Address 244","Certification 244",8,NULL
745,1400,"Employee901","engineer","employee901@example.com","+1234567890245","Address 245",NULL,2,677
746,932,NULL,"engineer","employee433@example.com","+1234567890246","Address 246","Certification 246",12,NULL
747,526,"Employee27",NULL,NULL,"+1234567890247",NULL,"Certification 247",0,459
748,1378,NULL,NULL,"employee879@example.com","+1234567890248",NULL,"Certification 248",0,200
749,608,NULL,NULL,NULL,"+1234567890249","Address 249","Certification 249",11,727
750,1327,"Employee828",NULL,"employee828@example.com","+1234567890250","Address 250","Certification 250",NULL,863
751,602,NULL,NULL,"employee103@example.com","+1234567890251","Address 251","Certification 251",16,NULL
752,830,NULL,NULL,NULL,"+1234567890252",NULL,"Certification 252",13,NULL
753,705,NULL,"cabin crew",NULL,"+1234567890253",NULL,"Certification 253",17,NULL
754,1427,NULL,"cabin crew",NULL,"+1234567890254","Address 254","Certification 254",18,184
755,1389,NULL,"cabin crew","employee890@example.com","+1234567890255","Address 255",NULL,NULL,NULL
756,1395,NULL,NULL,"employee896@example.com",NULL,"Address 256","Certification 256",6,NULL
757,935,"Employee436","engineer","employee436@example.com","+1234567890257","Address 257","Certification 257",10,925
758,1020,"Employee521","pilot","employee521@example.com","+1234567890258","Address 258","Certification 258",11,NULL
759,532,NULL,"engineer","employee33@example.com","+1234567890259","Address 259",NULL,2,456
760,1120,"Employee621","cabin crew","employee621@example.com",NULL,"Address 260","Certification 260",4,524
761,801,"Employee302",NULL,"employee302@example.com","+1234567890261","Address 261","Certification 261",4,107
762,1049,NULL,"engineer",NULL,"+1234567890262","Address 262","Certification 262",4,838
763,957,NULL,NULL,"employee458@example.com","+1234567890263","Address 263","Certification 263",13,NULL
764,912,"Employee413",NULL,NULL,"+1234567890264","Address 264",NULL,NULL,902
765,1338,NULL,"cabin crew",NULL,"+1234567890265",NULL,"Certification 265",NULL,57
766,1427,"Employee928","cabin crew",NULL,"+1234567890266",NULL,"Certification 266",1,879
767,931,NULL,NULL,NULL,"+1234567890267","Address 267","Certification 267",14,363
768,1392,"Employee893","cabin crew","employee893@example.com","+1234567890268","Address 268","Certification 268",9,635
769,999,NULL,"pilot",NULL,"+1234567890269","Address 269",NULL,6,621
770,1295,NULL,NULL,"employee796@example.com","+1234567890270","Address 270","Certification 270",8,469
771,912,NULL,NULL,"employee413@example.com","+1234567890271","Address 271","Certification 271",5,NULL
772,880,NULL,"cabin crew",NULL,"+1234567890272",NULL,NULL,6,411
773,734,"Employee235","cabin crew",NULL,"+1234567890273","Address 273","Certification 273",17,479
774,1406,"Employee907",NULL,NULL,"+1234567890274","Address 274",NULL,8,697
775,653,"Employee154",NULL,NULL,NULL,"Address 275","Certification 275",18,309
776,1186,NULL,"pilot","employee687@example.com","+1234567890276","Address 276","Certification 276",NULL,882
777,1029,NULL,"engineer",NULL,"+1234567890277","Address 277","Certification 277",8,631
778,1449,"Employee950","cabin crew",NULL,NULL,NULL,"Certification 278",NULL,334
779,1090,NULL,"pilot",NULL,"+1234567890279",NULL,"Certification 279",NULL,217
780,1412,"Employee913",NULL,"employee913@example.com","+1234567890280","Address 280","Certification 280",NULL,152
781,1343,"Employee844","cabin crew","employee844@example.com","+1234567890281","Address 281","Certification 281",3,720
782,1119,"Employee620","engineer",NULL,"+1234567890282",NULL,"Certification 282",16,214
783,1431,"Employee932",NULL,NULL,"+1234567890283","Address 283",NULL,NULL,315
784,1004,"Employee505",NULL,"employee505@example.com","+1234567890284","Address 284","Certification 284",NULL,684
785,960,NULL,NULL,"employee461@example.com","+1234567890285","Address 285","Certification 285",NULL,NULL
786,1346,"Employee847",NULL,"employee847@example.com","+1234567890286","Address 286","Certification 286",NULL,NULL
787,756,"Employee257","pilot",NULL,"+1234567890287","Address 287","Certification 287",NULL,227
788,827,"Employee328","cabin crew","employee328@example.com","+1234567890288","Address 288","Certification 288",2,534
789,956,"Employee457",NULL,"employee457@example.com","+1234567890289","Address 289",NULL,1,918
790,614,NULL,NULL,NULL,"+1234567890290","Address 290",NULL,5,NULL
791,978,"Employee479","cabin crew","employee479@example.com","+1234567890291",NULL,"Certification 291",18,NULL
792,973,"Employee474",NULL,"employee474@example.com",NULL,"Address 292","Certification 292",NULL,NULL
793,1134,"Employee635","cabin crew",NULL,"+1234567890293","Address 293",NULL,NULL,471
794,919,"Employee420","pilot","employee420@example.com","+1234567890294",NULL,"Certification 294",0,NULL
795,682,"Employee183",NULL,NULL,"+1234567890295",NULL,"Certification 295",NULL,NULL
796,1115,NULL,"engineer",NULL,"+1234567890296","Address 296","Certification 296",1,859
797,786,"Employee287","cabin crew","employee287@example.com","+1234567890297",NULL,NULL,1,437
798,693,NULL,NULL,NULL,NULL,NULL,"Certification 298",NULL,561
799,668,NULL,"cabin crew",NULL,"+1234567890299","Address 299","Certification 299",9,NULL
800,955,NULL,"cabin crew",NULL,"+1234567890300","Address 300","Certification 300",4,353
801,1343,"Employee844","cabin crew",NULL,NULL,"Address 301",NULL,1,857
802,1484,NULL,"pilot","employee985@example.com","+1234567890302","Address 302",NULL,NULL,698
803,569,"Employee70","cabin crew",NULL,"+1234567890303",NULL,"Certification 303",4,518
804,1484,NULL,"pilot","employee985@example.com","+1234567890304","Address 304","Certification 304",NULL,421
805,582,NULL,NULL,NULL,NULL,NULL,"Certification 305",NULL,NULL
806,953,NULL,NULL,"employee454@example.com",NULL,"Address 306","Certification 306",18,979
807,1285,NULL,"engineer","employee786@example.com","+1234567890307",NULL,NULL,5,974
808,809,NULL,"cabin crew","employee310@example.com","+1234567890308","Address 308","Certification 308",12,544
809,572,"Employee73",NULL,"employee73@example.com",NULL,"Address 309","Certification 309",1,179
810,1307,"Employee808",NULL,"employee808@example.com","+1234567890310","Address 310","Certification 310",10,748
811,1479,"Employee980","pilot","employee980@example.com","+1234567890311","Address 311","Certification 311",NULL,470
812,1279,NULL,NULL,NULL,"+1234567890312","Address 312","Certification 312",NULL,NULL
813,976,NULL,"engineer","employee477@example.com","+1234567890313","Address 313",NULL,7,411
814,1479,"Employee980","pilot",NULL,NULL,"Address 314","Certification 314",7,11
815,1244,"Employee745","engineer",NULL,NULL,"Address 315",NULL,5,850
816,946,NULL,"pilot","employee447@example.com","+1234567890316","Address 316",NULL,13,18
817,610,NULL,"engineer","employee111@example.com","+1234567890317",NULL,"Certification 317",18,14
818,1108,NULL,"pilot",NULL,"+1234567890318","Address 318","Certification 318",6,329
819,694,NULL,"engineer","employee195@example.com","+1234567890319","Address 319","Certification 319",NULL,183
820,814,"Employee315",NULL,"employee315@example.com",NULL,"Address 320",NULL,17,849
821,1350,NULL,NULL,NULL,"+1234567890321","Address 321",NULL,NULL,NULL
822,1393,"Employee894",NULL,"employee894@example.com","+1234567890322","Address 322",NULL,0,NULL
823,584,"Employee85",NULL,"employee85@example.com","+1234567890323",NULL,"Certification 323",15,NULL
824,938,NULL,"engineer",NULL,"+1234567890324","Address 324","Certification 324",NULL,561
825,1383,NULL,NULL,"employee884@example.com","+1234567890325","Address 325","Certification 325",NULL,NULL
826,1288,"Employee789","engineer",NULL,"+1234567890326",NULL,"Certification 326",14,446
827,883,NULL,NULL,"employee384@example.com","+1234567890327","Address 327","Certification 327",10,394
828,651,NULL,"cabin crew",NULL,"+1234567890328","Address 328",NULL,13,591
829,1395,"Employee896",NULL,"employee896@example.com","+1234567890329",NULL,"Certification 329",10,137
830,1492,NULL,NULL,NULL,"+1234567890330",NULL,"Certification 330",NULL,7
831,553,"Employee54",NULL,NULL,"+1234567890331","Address 331",NULL,16,998
832,908,"Employee409","engineer",NULL,NULL,"Address 332","Certification 332",2,NULL
833,773,NULL,"cabin crew","employee274@example.com","+1234567890333","Address 333","Certification 333",0,476
834,945,NULL,NULL,NULL,"+1234567890334","Address 334","Certification 334",10,204
835,630,"Employee131",NULL,NULL,"+1234567890335","Address 335",NULL,NULL,NULL
836,687,NULL,"pilot","employee188@example.com","+1234567890336","Address 336","Certification 336",11,912
837,1395,"Employee896","cabin crew","employee896@example.com","+1234567890337","Address 337",NULL,11,NULL
838,748,NULL,NULL,"employee249@example.com","+1234567890338",NULL,NULL,11,90
839,655,NULL,"cabin crew",NULL,NULL,"Address 339",NULL,11,931
840,987,"Employee488","cabin crew",NULL,"+1234567890340","Address 340",NULL,1,609
841,987,"Employee488","cabin crew",NULL,"+1234567890341","Address 341","Certification 341",NULL,777
842,1477,"Employee978",NULL,"employee978@example.com","+1234567890342","Address 342","Certification 342",3,331
843,1346,NULL,NULL,"employee847@example.com","+1234567890343",NULL,"Certification 343",16,90
844,1397,"Employee898","engineer","employee898@example.com",NULL,NULL,NULL,15,456
845,1185,NULL,NULL,NULL,"+1234567890345","Address 345",NULL,10,NULL
846,1340,"Employee841","engineer",NULL,"+1234567890346","Address 346",NULL,10,115
847,1373,"Employee874",NULL,"employee874@example.com","+1234567890347",NULL,"Certification 347",4,NULL
848,1127,NULL,NULL,"employee628@example.com","+1234567890348","Address 348","Certification 348",NULL,20
849,690,"Employee191","pilot",NULL,"+1234567890349","Address 349","Certification 349",19,528
850,1100,"Employee601",NULL,NULL,"+1234567890350","Address 350","Certification 350",NULL,NULL
851,1207,"Employee708","pilot",NULL,"+1234567890351",NULL,"Certification 351",NULL,256
852,1459,NULL,"pilot","employee960@example.com","+1234567890352","Address 352","Certification 352",14,605
853,613,"Employee114",NULL,"employee114@example.com","+1234567890353","Address 353",NULL,NULL,NULL
854,1497,NULL,"cabin crew","employee998@example.com","+1234567890354","Address 354","Certification 354",9,NULL
855,1118,"Employee619","engineer","employee619@example.com","+1234567890355","Address 355","Certification 355",NULL,NULL
856,554,"Employee55","engineer",NULL,NULL,"Address 356","Certification 356",0,NULL
857,737,NULL,NULL,NULL,"+1234567890357",NULL,"Certification 357",4,861
858,1423,"Employee924","cabin crew","employee924@example.com","+1234567890358","Address 358","Certification 358",NULL,177
859,1183,"Employee684","cabin crew","employee684@example.com","+1234567890359","Address 359","Certification 359",8,NULL
860,647,"Employee148",NULL,NULL,"+1234567890360","Address 360","Certification 360",NULL,34
861,896,"Employee397","pilot","employee397@example.com","+1234567890361","Address 361","Certification 361",10,784
862,516,"Employee17","pilot",NULL,"+1234567890362","Address 362",NULL,10,NULL
863,766,NULL,"pilot","employee267@example.com","+1234567890363",NULL,"Certification 363",15,977
864,833,NULL,"engineer","employee334@example.com",NULL,"Address 364",NULL,10,999
865,1044,NULL,"cabin crew","employee545@example.com","+1234567890365","Address 365","Certification 365",NULL,383
866,730,"Employee231","engineer","employee231@example.com","+1234567890366","Address 366","Certification 366",11,939
867,1324,"Employee825","cabin crew","employee825@example.com","+1234567890367",NULL,"Certification 367",17,560
868,1393,"Employee894","cabin crew","employee894@example.com","+1234567890368",NULL,NULL,1,973
869,753,"Employee254","cabin crew",NULL,"+1234567890369","Address 369","Certification 369",19,397
870,581,NULL,NULL,NULL,"+1234567890370","Address 370","Certification 370",12,20
871,840,NULL,"pilot","employee341@example.com","+1234567890371",NULL,"Certification 371",5,NULL
872,1053,NULL,NULL,NULL,"+1234567890372","Address 372","Certification 372",NULL,NULL
873,960,NULL,"pilot","employee461@example.com",NULL,NULL,"Certification 373",14,391
874,695,NULL,NULL,"employee196@example.com",NULL,NULL,"Certification 374",0,83
875,556,"Employee57","cabin crew","employee57@example.com",NULL,"Address 375","Certification 375",9,161
876,997,"Employee498","cabin crew","employee498@example.com",NULL,"Address 376",NULL,3,NULL
877,742,NULL,NULL,"employee243@example.com","+1234567890377","Address 377","Certification 377",NULL,803
878,1498,"Employee999","pilot",NULL,"+1234567890378","Address 378",NULL,4,27
879,1001,NULL,"engineer",NULL,"+1234567890379","Address 379",NULL,NULL,760
880,688,NULL,"pilot","employee189@example.com","+1234567890380","Address 380",NULL,6,145
881,1273,NULL,"pilot","employee774@example.com","+1234567890381","Address 381","Certification 381",4,301
882,1315,NULL,"engineer","employee816@example.com",NULL,"Address 382","Certification 382",7,NULL
883,648,NULL,"cabin crew","employee149@example.com","+1234567890383","Address 383","Certification 383",5,793
884,564,"Employee65",NULL,"employee65@example.com","+1234567890384","Address 384",NULL,4,597
885,816,"Employee317",NULL,NULL,NULL,"Address 385",NULL,19,397
886,539,"Employee40","cabin crew","employee40@example.com","+1234567890386",NULL,"Certification 386",NULL,NULL
887,781,NULL,"engineer",NULL,"+1234567890387","Address 387","Certification 387",13,442
888,671,"Employee172",NULL,NULL,"+1234567890388","Address 388","Certification 388",12,93
889,671,"Employee172","engineer",NULL,"+1234567890389","Address 389","Certification 389",18,663
890,567,"Employee68",NULL,"employee68@example.com","+1234567890390","Address 390","Certification 390",1,NULL
891,1432,"Employee933","engineer",NULL,"+1234567890391","Address 391",NULL,NULL,NULL
892,1401,"Employee902","cabin crew","employee902@example.com",NULL,"Address 392","Certification 392",1,695
893,963,"Employee464",NULL,NULL,NULL,"Address 393","Certification 393",14,932
894,578,NULL,"engineer","employee79@example.com","+1234567890394",NULL,"Certification 394",18,963
895,662,"Employee163","pilot","employee163@example.com",NULL,"Address 395","Certification 395",17,200
896,1330,NULL,NULL,"employee831@example.com","+1234567890396",NULL,"Certification 396",15,378
897,937,"Employee438","pilot","employee438@example.com",NULL,NULL,"Certification 397",NULL,880
898,1036,NULL,NULL,NULL,"+1234567890398","Address 398","Certification 398",3,132
899,1204,NULL,"cabin crew","employee705@example.com","+1234567890399",NULL,NULL,11,NULL
900,1353,NULL,"engineer","employee854@example.com","+1234567890400","Address 400","Certification 400",12,NULL
901,808,"Employee309","cabin crew",NULL,"+1234567890401",NULL,"Certification 401",18,660
902,743,"Employee244","pilot",NULL,NULL,"Address 402",NULL,8,NULL
903,1085,"Employee586",NULL,"employee586@example.com",NULL,"Address 403","Certification 403",NULL,NULL
904,1216,"Employee717","engineer",NULL,"+1234567890404",NULL,"Certification 404",12,165
905,868,"Employee369","pilot",NULL,"+1234567890405",NULL,"Certification 405",19,860
906,983,NULL,NULL,"employee484@example.com","+1234567890406",NULL,NULL,14,NULL
907,1349,"Employee850","cabin crew","employee850@example.com","+1234567890407",NULL,NULL,10,495
908,1400,NULL,NULL,"employee901@example.com",NULL,"Address 408",NULL,13,239
909,893,NULL,"engineer","employee394@example.com","+1234567890409","Address 409","Certification 409",NULL,442
910,1488,NULL,"cabin crew",NULL,NULL,"Address 410","Certification 410",9,35
911,1364,NULL,"cabin crew","employee865@example.com","+1234567890411","Address 411","Certification 411",4,NULL
912,1082,NULL,NULL,NULL,"+1234567890412","Address 412",NULL,13,410
913,927,"Employee428",NULL,"employee428@example.com","+1234567890413",NULL,"Certification 413",7,677
914,1014,"Employee515",NULL,"employee515@example.com","+1234567890414","Address 414",NULL,16,884
915,540,NULL,NULL,"employee41@example.com",NULL,"Address 415",NULL,NULL,701
916,1462,NULL,NULL,NULL,NULL,"Address 416",NULL,NULL,349
917,1007,"Employee508","cabin crew","employee508@example.com",NULL,"Address 417","Certification 417",1,686
918,1018,NULL,"engineer",NULL,NULL,"Address 418","Certification 418",NULL,959
919,1258,"Employee759","engineer",NULL,"+1234567890419","Address 419",NULL,9,NULL
920,1270,"Employee771",NULL,"employee771@example.com","+1234567890420","Address 420","Certification 420",16,461
921,1062,NULL,NULL,"employee563@example.com",NULL,"Address 421","Certification 421",NULL,591
922,1115,NULL,"engineer",NULL,"+1234567890422","Address 422",NULL,7,31
923,606,"Employee107",NULL,NULL,"+1234567890423","Address 423",NULL,10,717
924,667,"Employee168","engineer","employee168@example.com",NULL,NULL,"Certification 424",15,200
925,941,NULL,"pilot","employee442@example.com","+1234567890425","Address 425","Certification 425",3,156
926,940,"Employee441","cabin crew",NULL,"+1234567890426",NULL,"Certification 426",19,844
927,783,"Employee284","cabin crew",NULL,"+1234567890427","Address 427",NULL,18,370
928,814,"Employee315","pilot","employee315@example.com","+1234567890428",NULL,"Certification 428",0,242
929,1450,NULL,NULL,"employee951@example.com","+1234567890429",NULL,NULL,NULL,245
930,1433,NULL,"cabin crew","employee934@example.com","+1234567890430","Address 430",NULL,NULL,539
931,1268,NULL,NULL,NULL,"+1234567890431","Address 431","Certification 431",19,934
932,1240,"Employee741",NULL,NULL,"+1234567890432","Address 432",NULL,NULL,411
933,643,"Employee144","cabin crew",NULL,"+1234567890433","Address 433","Certification 433",NULL,758
934,651,NULL,"cabin crew",NULL,"+1234567890434","Address 434",NULL,NULL,NULL
935,1183,"Employee684",NULL,"employee684@example.com",NULL,NULL,"Certification 435",13,915
936,922,NULL,NULL,"employee423@example.com",NULL,"Address 436","Certification 436",NULL,733
937,1142,NULL,"cabin crew",NULL,"+1234567890437","Address 437",NULL,8,489
938,603,"Employee104","cabin crew",NULL,NULL,"Address 438","Certification 438",18,NULL
939,764,"Employee265","pilot","employee265@example.com",NULL,NULL,NULL,0,751
940,1355,"Employee856",NULL,"employee856@example.com",NULL,"Address 440",NULL,17,866
941,1161,"Employee662","engineer",NULL,"+1234567890441","Address 441","Certification 441",5,626
942,546,NULL,NULL,NULL,"+1234567890442","Address 442","Certification 442",NULL,404
943,607,"Employee108","cabin crew","employee108@example.com",NULL,"Address 443","Certification 443",9,935
944,1021,NULL,NULL,NULL,"+1234567890444","Address 444","Certification 444",NULL,610
945,1093,NULL,"cabin crew","employee594@example.com","+1234567890445","Address 445",NULL,NULL,150
946,1256,NULL,"engineer","employee757@example.com","+1234567890446","Address 446","Certification 446",8,864
947,805,"Employee306","pilot","employee306@example.com","+1234567890447","Address 447","Certification 447",13,865
948,912,NULL,NULL,"employee413@example.com","+1234567890448",NULL,"Certification 448",19,761
949,888,"Employee389",NULL,"employee389@example.com","+1234567890449","Address 449","Certification 449",15,826
950,1158,"Employee659","engineer",NULL,"+1234567890450",NULL,"Certification 450",NULL,766
951,767,NULL,"engineer","employee268@example.com",NULL,"Address 451","Certification 451",15,NULL
952,1487,"Employee988",NULL,NULL,NULL,NULL,NULL,10,893
953,1491,NULL,"engineer","employee992@example.com","+1234567890453",NULL,"Certification 453",10,966
954,1490,"Employee991","cabin crew","employee991@example.com","+1234567890454","Address 454","Certification 454",14,NULL
955,1139,NULL,"engineer",NULL,NULL,"Address 455","Certification 455",NULL,913
956,1395,"Employee896","cabin crew","employee896@example.com",NULL,"Address 456",NULL,9,543
957,889,"Employee390","engineer","employee390@example.com",NULL,"Address 457","Certification 457",0,551
958,1326,NULL,NULL,"employee827@example.com","+1234567890458","Address 458","Certification 458",NULL,776
959,1121,"Employee622",NULL,NULL,NULL,NULL,"Certification 459",8,737
960,850,NULL,NULL,"employee351@example.com","+1234567890460","Address 460","Certification 460",11,100
961,1381,"Employee882",NULL,"employee882@example.com","+1234567890461","Address 461","Certification 461",12,408
962,1031,NULL,"pilot","employee532@example.com",NULL,"Address 462","Certification 462",16,643
963,530,NULL,"pilot","employee31@example.com","+1234567890463",NULL,"Certification 463",5,58
964,659,"Employee160","cabin crew","employee160@example.com","+1234567890464","Address 464","Certification 464",NULL,578
965,942,NULL,NULL,"employee443@example.com","+1234567890465","Address 465","Certification 465",NULL,377
966,1308,"Employee809",NULL,NULL,"+1234567890466",NULL,"Certification 466",4,47
967,1084,"Employee585",NULL,"employee585@example.com",NULL,"Address 467","Certification 467",15,274
968,968,"Employee469","cabin crew","employee469@example.com","+1234567890468","Address 468","Certification 468",2,274
969,1132,"Employee633","engineer",NULL,NULL,NULL,"Certification 469",NULL,205
970,1396,"Employee897",NULL,NULL,"+1234567890470",NULL,NULL,12,NULL
971,586,"Employee87",NULL,NULL,"+1234567890471","Address 471","Certification 471",NULL,296
972,1386,NULL,NULL,"employee887@example.com","+1234567890472","Address 472","Certification 472",NULL,NULL
973,1111,NULL,"pilot",NULL,"+1234567890473","Address 473",NULL,NULL,792
974,990,"Employee491",NULL,NULL,"+1234567890474","Address 474","Certification 474",NULL,254
975,1162,NULL,"cabin crew","employee663@example.com","+1234567890475",NULL,"Certification 475",7,NULL
976,714,NULL,NULL,"employee215@example.com","+1234567890476","Address 476","Certification 476",8,437
977,541,NULL,NULL,NULL,"+1234567890477","Address 477","Certification 477",9,449
978,1018,"Employee519",NULL,NULL,"+1234567890478","Address 478",NULL,NULL,947
979,780,"Employee281","pilot","employee281@example.com","+1234567890479","Address 479","Certification 479",NULL,504
980,1468,NULL,NULL,NULL,"+1234567890480","Address 480","Certification 480",18,355
981,1104,NULL,NULL,"employee605@example.com","+1234567890481","Address 481",NULL,9,344
982,1172,NULL,NULL,NULL,"+1234567890482","Address 482","Certification 482",4,616
983,1398,"Employee899","pilot","employee899@example.com",NULL,"Address 483","Certification 483",3,257
984,972,NULL,"engineer","employee473@example.com","+1234567890484","Address 484","Certification 484",19,NULL
985,1277,NULL,NULL,"employee778@example.com","+1234567890485","Address 485",NULL,8,727
986,1113,NULL,NULL,"employee614@example.com","+1234567890486","Address 486","Certification 486",11,871
987,879,"Employee380",NULL,"employee380@example.com","+1234567890487","Address 487","Certification 487",NULL,617
988,963,NULL,NULL,"employee464@example.com","+1234567890488","Address 488","Certification 488",NULL,NULL
989,1202,"Employee703",NULL,NULL,NULL,"Address 489","Certification 489",7,783
990,536,"Employee37","cabin crew",NULL,"+1234567890490","Address 490","Certification 490",NULL,63
991,1100,NULL,"pilot","employee601@example.com","+1234567890491",NULL,"Certification 491",1,NULL
992,630,"Employee131",NULL,"employee131@example.com","+1234567890492","Address 492",NULL,NULL,369
993,1049,"Employee550","engineer","employee550@example.com",NULL,"Address 493",NULL,13,780
994,1404,NULL,NULL,"employee905@example.com","+1234567890494","Address 494","Certification 494",13,917
995,974,"Employee475",NULL,"employee475@example.com","+1234567890495","Address 495","Certification 495",NULL,714
996,1079,"Employee580",NULL,"employee580@example.com","+1234567890496","Address 496","Certification 496",NULL,731
997,522,NULL,NULL,NULL,"+1234567890497","Address 497",NULL,NULL,25
998,563,"Employee64",NULL,"employee64@example.com","+1234567890498",NULL,"Certification 498",9,852
999,1324,"Employee825","cabin crew","employee825@example.com",NULL,NULL,"Certification 499",NULL,784
1000,1134,"Employee635","cabin crew",NULL,"+1234567890500","Address 500","Certification 500",11,NULL
1001,1043,"Employee544","cabin crew","employee544@example.com","+1234567890501","Address 501","Certification 501",3,137
1002,575,NULL,"engineer","employee76@example.com","+1234567890502",NULL,"Certification 502",0,NULL
1003,1045,"Employee546",NULL,NULL,"+1234567890503","Address 503","Certification 503",17,452
1004,1389,"Employee890","cabin crew",NULL,"+1234567890504",NULL,"Certification 504",8,NULL
1005,559,NULL,NULL,NULL,"+1234567890505","Address 505","Certification 505",7,NULL
1006,1110,"Employee611",NULL,NULL,"+1234567890506",NULL,"Certification 506",NULL,474
1007,912,"Employee413",NULL,"employee413@example.com","+1234567890507","Address 507","Certification 507",11,524
1008,856,"Employee357","cabin crew","employee357@example.com","+1234567890508","Address 508","Certification 508",7,609
1009,947,NULL,"engineer",NULL,NULL,"Address 509","Certification 509",19,995
1010,571,"Employee72","cabin crew",NULL,NULL,"Address 510","Certification 510",10,518
1011,585,"Employee86","pilot","employee86@example.com","+1234567890511","Address 511","Certification 511",9,630
1012,1263,"Employee764",NULL,NULL,"+1234567890512","Address 512","Certification 512",10,958
1013,958,"Employee459","engineer","employee459@example.com",NULL,NULL,NULL,17,232
1014,1359,NULL,"engineer","employee860@example.com",NULL,NULL,"Certification 514",17,NULL
1015,1149,"Employee650",NULL,NULL,"+1234567890515",NULL,"Certification 515",15,533
1016,1266,"Employee767","engineer","employee767@example.com","+1234567890516","Address 516",NULL,1,632
1017,503,"Employee4","engineer",NULL,"+1234567890517","Address 517",NULL,18,200
1018,841,"Employee342",NULL,NULL,NULL,"Address 518","Certification 518",8,505
1019,1195,"Employee696",NULL,NULL,"+1234567890519","Address 519","Certification 519",13,818
1020,1276,"Employee777","cabin crew","employee777@example.com","+1234567890520",NULL,"Certification 520",17,914
1021,1309,"Employee810",NULL,"employee810@example.com","+1234567890521",NULL,"Certification 521",12,311
1022,890,NULL,"engineer","employee391@example.com","+1234567890522","Address 522","Certification 522",NULL,NULL
1023,592,"Employee93","cabin crew",NULL,"+1234567890523","Address 523",NULL,18,NULL
1024,1266,"Employee767","engineer",NULL,NULL,"Address 524","Certification 524",6,NULL
1025,1268,NULL,"pilot",NULL,"+1234567890525","Address 525","Certification 525",16,71
1026,998,"Employee499","cabin crew","employee499@example.com","+1234567890526","Address 526","Certification 526",1,NULL
1027,1238,"Employee739","engineer",NULL,"+1234567890527",NULL,"Certification 527",10,382
1028,1248,"Employee749",NULL,"employee749@example.com",NULL,"Address 528","Certification 528",13,NULL
1029,914,"Employee415","engineer","employee415@example.com",NULL,NULL,NULL,2,301
1030,925,"Employee426","cabin crew","employee426@example.com","+1234567890530","Address 530","Certification 530",NULL,34
1031,1117,NULL,"cabin crew","employee618@example.com",NULL,"Address 531","Certification 531",16,144
1032,933,NULL,"cabin crew",NULL,"+1234567890532","Address 532","Certification 532",NULL,8
1033,1150,NULL,NULL,"employee651@example.com","+1234567890533","Address 533",NULL,11,201
1034,543,"Employee44",NULL,NULL,NULL,"Address 534","Certification 534",NULL,985
1035,1106,"Employee607","cabin crew","employee607@example.com","+1234567890535","Address 535",NULL,14,484
1036,1156,NULL,"cabin crew",NULL,"+1234567890536","Address 536",NULL,18,NULL
1037,701,"Employee202","pilot","employee202@example.com",NULL,"Address 537","Certification 537",0,NULL
1038,1285,"Employee786","engineer","employee786@example.com","+1234567890538","Address 538","Certification 538",19,687
1039,568,NULL,NULL,NULL,"+1234567890539","Address 539","Certification 539",NULL,580
1040,977,"Employee478",NULL,"employee478@example.com","+1234567890540","Address 540",NULL,NULL,NULL
1041,550,NULL,NULL,"employee51@example.com","+1234567890541","Address 541","Certification 541",0,546
1042,991,NULL,NULL,"employee492@example.com",NULL,"Address 542",NULL,15,NULL
1043,851,"Employee352","cabin crew",NULL,"+1234567890543","Address 543","Certification 543",13,772
1044,1305,"Employee806",NULL,"employee806@example.com","+1234567890544","Address 544","Certification 544",3,NULL
1045,1256,"Employee757","engineer","employee757@example.com","+1234567890545","Address 545",NULL,NULL,NULL
1046,1233,NULL,"cabin crew","employee734@example.com","+1234567890546","Address 546",NULL,14,NULL
1047,1327,NULL,"cabin crew","employee828@example.com","+1234567890547",NULL,NULL,NULL,NULL
1048,1343,"Employee844","cabin crew","employee844@example.com","+1234567890548","Address 548",NULL,7,510
1049,688,"Employee189","pilot","employee189@example.com",NULL,"Address 549","Certification 549",18,643
1050,1051,NULL,"engineer","employee552@example.com",NULL,"Address 550","Certification 550",2,709
1051,645,NULL,NULL,NULL,"+1234567890551","Address 551","Certification 551",NULL,718
1052,820,"Employee321","engineer",NULL,"+1234567890552","Address 552","Certification 552",14,18
1053,1232,"Employee733",NULL,"employee733@example.com","+1234567890553","Address 553","Certification 553",3,369
1054,606,NULL,NULL,NULL,NULL,NULL,"Certification 554",5,780
1055,959,"Employee460","cabin crew","employee460@example.com",NULL,"Address 555",NULL,NULL,596
1056,774,"Employee275","cabin crew",NULL,"+1234567890556","Address 556","Certification 556",1,859
1057,979,"Employee480","cabin crew","employee480@example.com","+1234567890557","Address 557","Certification 557",NULL,NULL
1058,1427,"Employee928","cabin crew",NULL,"+1234567890558","Address 558",NULL,16,NULL
1059,557,"Employee58","cabin crew",NULL,"+1234567890559","Address 559","Certification 559",NULL,14
1060,1372,NULL,"pilot",NULL,"+1234567890560","Address 560","Certification 560",12,84
1061,1140,"Employee641",NULL,NULL,"+1234567890561","Address 561","Certification 561",1,NULL
1062,1446,"Employee947",NULL,NULL,"+1234567890562","Address 562",NULL,8,NULL
1063,602,NULL,NULL,"employee103@example.com",NULL,NULL,"Certification 563",15,187
1064,1390,"Employee891","cabin crew",NULL,"+1234567890564",NULL,"Certification 564",0,849
1065,1403,"Employee904","cabin crew","employee904@example.com","+1234567890565","Address 565","Certification 565",6,NULL
1066,1067,NULL,NULL,NULL,NULL,"Address 566","Certification 566",8,355
1067,1189,"Employee690",NULL,NULL,NULL,"Address 567","Certification 567",12,623
1068,622,NULL,"engineer",NULL,"+1234567890568","Address 568",NULL,12,275
1069,1119,"Employee620","engineer",NULL,"+1234567890569","Address 569","Certification 569",11,NULL
1070,1490,"Employee991","cabin crew","employee991@example.com",NULL,"Address 570","Certification 570",16,520
1071,814,"Employee315","pilot","employee315@example.com","+1234567890571","Address 571","Certification 571",5,NULL
1072,1238,NULL,"engineer","employee739@example.com","+1234567890572","Address 572","Certification 572",12,911
1073,816,"Employee317",NULL,"employee317@example.com",NULL,"Address 573","Certification 573",7,251
1074,1204,NULL,"cabin crew","employee705@example.com",NULL,"Address 574","Certification 574",14,974
1075,845,NULL,NULL,"employee346@example.com","+1234567890575",NULL,"Certification 575",12,462
1076,1014,NULL,"pilot","employee515@example.com","+1234567890576","Address 576",NULL,8,794
1077,1466,NULL,NULL,NULL,"+1234567890577","Address 577","Certification 577",12,NULL
1078,1250,"Employee751",NULL,NULL,"+1234567890578","Address 578","Certification 578",0,NULL
1079,973,NULL,NULL,"employee474@example.com","+1234567890579","Address 579","Certification 579",NULL,800
1080,1071,NULL,NULL,NULL,"+1234567890580","Address 580","Certification 580",11,NULL
1081,1231,"Employee732",NULL,NULL,"+1234567890581","Address 581","Certification 581",17,NULL
1082,1173,NULL,NULL,"employee674@example.com","+1234567890582","Address 582",NULL,17,551
1083,1013,"Employee514",NULL,"employee514@example.com","+1234567890583","Address 583","Certification 583",7,452
1084,725,NULL,NULL,NULL,NULL,"Address 584","Certification 584",0,NULL
1085,1422,"Employee923","engineer",NULL,"+1234567890585",NULL,NULL,10,779
1086,768,NULL,"pilot",NULL,"+1234567890586","Address 586","Certification 586",3,672
1087,1291,"Employee792","engineer",NULL,NULL,"Address 587","Certification 587",5,688
1088,1322,"Employee823","engineer",NULL,"+1234567890588","Address 588",NULL,16,41
1089,1125,"Employee626",NULL,NULL,"+1234567890589","Address 589","Certification 589",7,NULL
1090,668,NULL,"cabin crew",NULL,NULL,NULL,NULL,3,840
1091,810,NULL,"cabin crew","employee311@example.com","+1234567890591",NULL,NULL,NULL,836
1092,989,NULL,"pilot",NULL,"+1234567890592","Address 592","Certification 592",11,152
1093,896,"Employee397","pilot","employee397@example.com","+1234567890593","Address 593","Certification 593",8,1
1094,1097,NULL,"cabin crew",NULL,"+1234567890594","Address 594",NULL,2,140
1095,700,"Employee201","cabin crew","employee201@example.com","+1234567890595",NULL,NULL,NULL,702
1096,754,NULL,"cabin crew",NULL,NULL,"Address 596","Certification 596",NULL,57
1097,701,NULL,NULL,NULL,"+1234567890597","Address 597","Certification 597",18,160
1098,1393,"Employee894",NULL,"employee894@example.com","+1234567890598","Address 598","Certification 598",NULL,NULL
1099,1058,"Employee559","cabin crew","employee559@example.com",NULL,"Address 599","Certification 599",NULL,244
1100,1024,"Employee525",NULL,"employee525@example.com","+1234567890600","Address 600",NULL,17,239
1101,1319,"Employee820","engineer","employee820@example.com","+1234567890601","Address 601","Certification 601",9,NULL
1102,1013,"Employee514","cabin crew","employee514@example.com","+1234567890602","Address 602","Certification 602",15,956
1103,987,"Employee488","cabin crew",NULL,"+1234567890603",NULL,NULL,11,NULL
1104,556,"Employee57","cabin crew",NULL,"+1234567890604",NULL,NULL,2,492
1105,1428,NULL,"engineer",NULL,"+1234567890605","Address 605","Certification 605",18,985
1106,890,NULL,"engineer","employee391@example.com","+1234567890606",NULL,"Certification 606",NULL,NULL
1107,638,NULL,NULL,"employee139@example.com",NULL,"Address 607","Certification 607",11,NULL
1108,774,"Employee275",NULL,NULL,"+1234567890608","Address 608","Certification 608",12,320
1109,1190,NULL,"pilot",NULL,"+1234567890609",NULL,"Certification 609",15,NULL
1110,1361,"Employee862","engineer",NULL,"+1234567890610","Address 610","Certification 610",12,960
1111,889,"Employee390","engineer","employee390@example.com","+1234567890611",NULL,"Certification 611",0,435
1112,701,"Employee202",NULL,"employee202@example.com","+1234567890612","Address 612",NULL,13,113
1113,1278,NULL,"cabin crew",NULL,"+1234567890613","Address 613","Certification 613",18,57
1114,1166,"Employee667","cabin crew",NULL,"+1234567890614","Address 614","Certification 614",19,295
1115,682,NULL,NULL,NULL,"+1234567890615",NULL,"Certification 615",18,NULL
1116,1145,"Employee646",NULL,"employee646@example.com",NULL,"Address 616","Certification 616",6,799
1117,1402,NULL,NULL,"employee903@example.com","+1234567890617","Address 617","Certification 617",2,552
1118,806,NULL,"pilot","employee307@example.com","+1234567890618","Address 618",NULL,12,609
1119,817,"Employee318","pilot","employee318@example.com","+1234567890619","Address 619","Certification 619",16,978
1120,655,"Employee156","cabin crew","employee156@example.com","+1234567890620","Address 620","Certification 620",8,293
1121,1153,"Employee654","engineer",NULL,"+1234567890621","Address 621",NULL,19,984
1122,761,NULL,"cabin crew","employee262@example.com","+1234567890622","Address 622",NULL,8,121
1123,1148,"Employee649",NULL,NULL,"+1234567890623","Address 623","Certification 623",15,939
1124,1440,NULL,"cabin crew","employee941@example.com","+1234567890624","Address 624","Certification 624",17,509
1125,1377,NULL,NULL,NULL,"+1234567890625","Address 625","Certification 625",NULL,NULL
1126,1012,"Employee513","cabin crew","employee513@example.com","+1234567890626",NULL,"Certification 626",16,177
1127,1067,NULL,"pilot",NULL,"+1234567890627",NULL,"Certification 627",8,134
1128,778,NULL,NULL,"employee279@example.com",NULL,"Address 628","Certification 628",15,298
1129,1297,"Employee798",NULL,"employee798@example.com","+1234567890629","Address 629",NULL,11,15
1130,1176,NULL,"cabin crew",NULL,"+1234567890630","Address 630","Certification 630",NULL,NULL
1131,1276,"Employee777",NULL,"employee777@example.com","+1234567890631","Address 631",NULL,2,NULL
1132,1456,NULL,"pilot","employee957@example.com","+1234567890632",NULL,"Certification 632",4,NULL
1133,967,"Employee468",NULL,NULL,"+1234567890633",NULL,"Certification 633",2,NULL
1134,914,"Employee415",NULL,"employee415@example.com",NULL,"Address 634","Certification 634",17,112
1135,713,NULL,NULL,"employee214@example.com",NULL,"Address 635","Certification 635",2,425
1136,1009,NULL,"engineer","employee510@example.com","+1234567890636","Address 636","Certification 636",4,172
1137,1308,NULL,NULL,NULL,NULL,"Address 637","Certification 637",14,714
1138,868,"Employee369",NULL,NULL,NULL,NULL,"Certification 638",5,690
1139,1096,NULL,NULL,"employee597@example.com","+1234567890639","Address 639",NULL,NULL,180
1140,546,NULL,NULL,"employee47@example.com","+1234567890640","Address 640",NULL,18,9
1141,1479,"Employee980","pilot","employee980@example.com","+1234567890641","Address 641",NULL,NULL,137
1142,1334,"Employee835",NULL,NULL,NULL,"Address 642","Certification 642",8,873
1143,1171,"Employee672","cabin crew",NULL,"+1234567890643","Address 643",NULL,11,691
1144,1303,NULL,"cabin crew","employee804@example.com","+1234567890644",NULL,NULL,17,NULL
1145,921,"Employee422","pilot",NULL,"+1234567890645","Address 645","Certification 645",7,NULL
1146,584,NULL,NULL,"employee85@example.com",NULL,NULL,NULL,8,NULL
1147,541,"Employee42",NULL,NULL,NULL,"Address 647","Certification 647",19,749
1148,762,"Employee263","cabin crew","employee263@example.com","+1234567890648","Address 648","Certification 648",10,602
1149,860,NULL,"engineer",NULL,"+1234567890649","Address 649",NULL,NULL,790
1150,1073,"Employee574","cabin crew","employee574@example.com","+1234567890650",NULL,NULL,NULL,607
1151,1248,"Employee749","cabin crew",NULL,"+1234567890651","Address 651","Certification 651",3,455
1152,1219,"Employee720",NULL,NULL,"+1234567890652","Address 652",NULL,10,444
1153,1421,NULL,"engineer",NULL,NULL,"Address 653","Certification 653",NULL,53
1154,1455,"Employee956",NULL,"employee956@example.com","+1234567890654","Address 654","Certification 654",6,31
1155,1425,NULL,NULL,"employee926@example.com",NULL,"Address 655","Certification 655",NULL,139
1156,684,"Employee185","engineer",NULL,"+1234567890656","Address 656","Certification 656",4,NULL
1157,981,"Employee482","pilot","employee482@example.com",NULL,NULL,NULL,17,578
1158,1120,NULL,"cabin crew","employee621@example.com","+1234567890658",NULL,"Certification 658",12,360
1159,1217,NULL,"engineer","employee718@example.com","+1234567890659","Address 659",NULL,15,NULL
1160,908,"Employee409",NULL,NULL,"+1234567890660","Address 660","Certification 660",15,942
1161,845,NULL,NULL,NULL,"+1234567890661","Address 661","Certification 661",14,345
1162,1441,"Employee942","pilot","employee942@example.com","+1234567890662","Address 662","Certification 662",7,663
1163,1091,NULL,NULL,"employee592@example.com","+1234567890663",NULL,"Certification 663",NULL,804
1164,603,"Employee104","cabin crew",NULL,"+1234567890664","Address 664","Certification 664",1,197
1165,1004,"Employee505",NULL,"employee505@example.com",NULL,"Address 665","Certification 665",7,739
1166,673,"Employee174","cabin crew","employee174@example.com",NULL,"Address 666","Certification 666",2,650
1167,1068,"Employee569",NULL,NULL,"+1234567890667",NULL,"Certification 667",9,74
1168,726,"Employee227",NULL,NULL,"+1234567890668","Address 668","Certification 668",NULL,41
1169,970,NULL,"cabin crew",NULL,NULL,"Address 669","Certification 669",NULL,264
1170,582,"Employee83",NULL,NULL,"+1234567890670",NULL,NULL,NULL,523
1171,988,"Employee489",NULL,"employee489@example.com","+1234567890671","Address 671","Certification 671",6,240
1172,1480,"Employee981","cabin crew",NULL,"+1234567890672",NULL,"Certification 672",16,NULL
1173,1259,NULL,"pilot",NULL,"+1234567890673",NULL,"Certification 673",11,NULL
1174,1153,"Employee654","engineer",NULL,"+1234567890674","Address 674","Certification 674",2,NULL
1175,546,"Employee47",NULL,"employee47@example.com",NULL,"Address 675","Certification 675",5,655
1176,1181,NULL,NULL,"employee682@example.com","+1234567890676","Address 676",NULL,11,NULL
1177,1194,"Employee695","cabin crew","employee695@example.com",NULL,"Address 677","Certification 677",7,171
1178,843,"Employee344",NULL,"employee344@example.com","+1234567890678","Address 678","Certification 678",0,927
1179,807,NULL,"cabin crew",NULL,"+1234567890679",NULL,NULL,6,78
1180,748,NULL,NULL,"employee249@example.com","+1234567890680","Address 680","Certification 680",7,415
1181,803,"Employee304",NULL,NULL,"+1234567890681","Address 681","Certification 681",17,956
1182,573,"Employee74",NULL,"employee74@example.com",NULL,"Address 682","Certification 682",10,NULL
1183,1060,NULL,"pilot","employee561@example.com","+1234567890683",NULL,"Certification 683",0,605
1184,944,"Employee445","pilot","employee445@example.com",NULL,NULL,"Certification 684",0,427
1185,1035,NULL,NULL,NULL,"+1234567890685","Address 685",NULL,14,319
1186,1463,"Employee964",NULL,NULL,"+1234567890686","Address 686","Certification 686",13,NULL
1187,1436,NULL,NULL,NULL,"+1234567890687","Address 687","Certification 687",10,345
1188,701,NULL,"pilot",NULL,"+1234567890688",NULL,"Certification 688",14,28
1189,1498,NULL,"pilot",NULL,"+1234567890689","Address 689",NULL,9,991
1190,913,NULL,NULL,"employee414@example.com","+1234567890690",NULL,"Certification 690",NULL,804
1191,1152,NULL,NULL,NULL,"+1234567890691","Address 691","Certification 691",14,508
1192,1330,NULL,NULL,NULL,"+1234567890692",NULL,"Certification 692",NULL,699
1193,671,"Employee172","engineer",NULL,NULL,"Address 693","Certification 693",12,977
1194,1454,"Employee955","pilot","employee955@example.com",NULL,NULL,"Certification 694",17,460
1195,1077,NULL,"cabin crew","employee578@example.com",NULL,"Address 695","Certification 695",1,28
1196,1160,"Employee661",NULL,NULL,"+1234567890696","Address 696","Certification 696",NULL,111
1197,1170,"Employee671",NULL,"employee671@example.com","+1234567890697",NULL,"Certification 697",19,202
1198,535,"Employee36","engineer","employee36@example.com","+1234567890698","Address 698","Certification 698",2,739
1199,1418,NULL,"pilot","employee919@example.com","+1234567890699","Address 699","Certification 699",15,NULL
1200,1343,"Employee844","cabin crew",NULL,"+1234567890700",NULL,"Certification 700",8,515
1201,844,NULL,"engineer",NULL,"+1234567890701","Address 701","Certification 701",19,258
1202,512,"Employee13",NULL,"employee13@example.com","+1234567890702","Address 702",NULL,6,NULL
1203,1106,"Employee607","cabin crew","employee607@example.com","+1234567890703","Address 703","Certification 703",NULL,321
1204,1221,NULL,"cabin crew","employee722@example.com","+1234567890704","Address 704","Certification 704",6,611
1205,816,"Employee317",NULL,"employee317@example.com","+1234567890705","Address 705","Certification 705",7,252
1206,1232,NULL,"pilot","employee733@example.com","+1234567890706","Address 706",NULL,18,371
1207,1211,NULL,NULL,NULL,"+1234567890707","Address 707","Certification 707",12,565
1208,565,NULL,"engineer",NULL,"+1234567890708",NULL,"Certification 708",18,411
1209,1251,"Employee752",NULL,"employee752@example.com","+1234567890709","Address 709",NULL,12,244
1210,1307,"Employee808",NULL,"employee808@example.com","+1234567890710","Address 710","Certification 710",NULL,582
1211,920,"Employee421","engineer","employee421@example.com","+1234567890711",NULL,"Certification 711",9,619
1212,1171,"Employee672","cabin crew","employee672@example.com","+1234567890712","Address 712",NULL,5,424
1213,577,"Employee78","pilot","employee78@example.com","+1234567890713","Address 713","Certification 713",NULL,871
1214,1434,NULL,NULL,"employee935@example.com","+1234567890714","Address 714","Certification 714",19,811
1215,900,NULL,NULL,"employee401@example.com","+1234567890715","Address 715","Certification 715",NULL,425
1216,961,"Employee462",NULL,"employee462@example.com","+1234567890716",NULL,"Certification 716",17,4
1217,949,NULL,"engineer",NULL,"+1234567890717",NULL,"Certification 717",10,297
1218,892,NULL,"pilot","employee393@example.com","+1234567890718","Address 718",NULL,10,1000
1219,690,"Employee191","pilot",NULL,"+1234567890719","Address 719","Certification 719",18,279
1220,608,NULL,NULL,NULL,NULL,"Address 720","Certification 720",NULL,NULL
1221,1068,NULL,NULL,NULL,"+1234567890721","Address 721","Certification 721",16,208
1222,502,"Employee3",NULL,NULL,"+1234567890722","Address 722","Certification 722",11,NULL
1223,535,"Employee36","engineer","employee36@example.com","+1234567890723","Address 723","Certification 723",4,828
1445,1466,NULL,NULL,NULL,"+1234567890945",NULL,"Certification 945",8,7
1224,1116,NULL,NULL,"employee617@example.com","+1234567890724","Address 724","Certification 724",NULL,905
1225,938,NULL,NULL,"employee439@example.com","+1234567890725","Address 725",NULL,NULL,NULL
1226,1295,NULL,NULL,NULL,"+1234567890726","Address 726","Certification 726",3,919
1227,515,"Employee16","cabin crew","employee16@example.com","+1234567890727","Address 727",NULL,18,368
1228,629,NULL,"cabin crew","employee130@example.com","+1234567890728","Address 728","Certification 728",17,775
1229,638,"Employee139",NULL,"employee139@example.com","+1234567890729","Address 729","Certification 729",NULL,90
1230,1162,NULL,"cabin crew",NULL,"+1234567890730",NULL,"Certification 730",12,NULL
1231,623,NULL,NULL,NULL,"+1234567890731","Address 731","Certification 731",1,NULL
1232,1471,NULL,"engineer","employee972@example.com",NULL,"Address 732","Certification 732",6,160
1233,1305,"Employee806","engineer",NULL,"+1234567890733","Address 733",NULL,6,708
1234,1221,NULL,"cabin crew",NULL,"+1234567890734","Address 734","Certification 734",4,376
1235,1024,NULL,"cabin crew","employee525@example.com","+1234567890735","Address 735",NULL,5,326
1236,1046,NULL,"pilot",NULL,"+1234567890736","Address 736","Certification 736",NULL,NULL
1237,1448,NULL,NULL,"employee949@example.com","+1234567890737","Address 737","Certification 737",11,905
1238,908,"Employee409","engineer",NULL,"+1234567890738","Address 738",NULL,14,NULL
1239,1268,NULL,"pilot",NULL,"+1234567890739","Address 739",NULL,2,NULL
1240,659,"Employee160","cabin crew","employee160@example.com",NULL,"Address 740",NULL,9,974
1241,1328,NULL,NULL,"employee829@example.com","+1234567890741","Address 741","Certification 741",NULL,450
1242,1396,"Employee897",NULL,"employee897@example.com","+1234567890742","Address 742","Certification 742",2,270
1243,1201,NULL,"pilot",NULL,"+1234567890743","Address 743","Certification 743",11,572
1244,723,"Employee224",NULL,"employee224@example.com","+1234567890744","Address 744","Certification 744",NULL,886
1245,1474,NULL,NULL,"employee975@example.com","+1234567890745","Address 745","Certification 745",9,671
1246,602,NULL,NULL,"employee103@example.com","+1234567890746","Address 746","Certification 746",NULL,200
1247,1305,NULL,NULL,NULL,"+1234567890747","Address 747",NULL,6,270
1248,702,"Employee203","engineer","employee203@example.com","+1234567890748",NULL,"Certification 748",11,1
1249,722,"Employee223","engineer",NULL,"+1234567890749","Address 749","Certification 749",2,947
1250,970,NULL,NULL,"employee471@example.com","+1234567890750","Address 750","Certification 750",NULL,589
1251,1413,NULL,"pilot",NULL,"+1234567890751","Address 751","Certification 751",18,NULL
1252,1226,"Employee727",NULL,NULL,NULL,"Address 752","Certification 752",NULL,NULL
1253,856,"Employee357","cabin crew","employee357@example.com",NULL,NULL,NULL,1,NULL
1254,813,NULL,"engineer","employee314@example.com","+1234567890754",NULL,"Certification 754",NULL,205
1255,847,NULL,"pilot","employee348@example.com","+1234567890755","Address 755","Certification 755",12,412
1256,1093,"Employee594",NULL,"employee594@example.com","+1234567890756","Address 756","Certification 756",13,422
1257,1466,NULL,NULL,NULL,"+1234567890757",NULL,NULL,NULL,484
1258,1264,NULL,NULL,NULL,"+1234567890758","Address 758","Certification 758",8,NULL
1259,742,"Employee243",NULL,"employee243@example.com","+1234567890759","Address 759","Certification 759",NULL,NULL
1260,794,"Employee295",NULL,NULL,"+1234567890760",NULL,"Certification 760",5,128
1261,1215,NULL,"cabin crew",NULL,NULL,"Address 761",NULL,17,425
1262,1044,NULL,"cabin crew","employee545@example.com","+1234567890762","Address 762","Certification 762",2,745
1263,567,"Employee68",NULL,"employee68@example.com",NULL,"Address 763","Certification 763",13,NULL
1264,1000,NULL,"cabin crew",NULL,"+1234567890764","Address 764","Certification 764",4,263
1265,829,NULL,"pilot",NULL,"+1234567890765",NULL,"Certification 765",1,325
1266,589,"Employee90","engineer","employee90@example.com","+1234567890766",NULL,"Certification 766",14,212
1267,861,"Employee362","pilot",NULL,"+1234567890767","Address 767","Certification 767",1,276
1268,1236,"Employee737",NULL,NULL,NULL,"Address 768","Certification 768",17,NULL
1269,1344,NULL,NULL,NULL,"+1234567890769","Address 769","Certification 769",7,238
1270,531,"Employee32","pilot","employee32@example.com",NULL,NULL,"Certification 770",6,849
1271,958,NULL,"engineer","employee459@example.com",NULL,"Address 771",NULL,8,580
1272,811,NULL,"engineer",NULL,"+1234567890772","Address 772","Certification 772",15,728
1273,849,NULL,NULL,NULL,NULL,NULL,NULL,0,174
1274,1271,"Employee772","engineer","employee772@example.com","+1234567890774","Address 774","Certification 774",1,591
1275,1144,"Employee645","engineer","employee645@example.com","+1234567890775",NULL,"Certification 775",17,NULL
1276,1134,"Employee635","cabin crew",NULL,"+1234567890776","Address 776","Certification 776",2,430
1277,1397,"Employee898",NULL,"employee898@example.com",NULL,"Address 777","Certification 777",NULL,511
1278,1280,NULL,"pilot",NULL,"+1234567890778","Address 778","Certification 778",1,121
1279,933,NULL,NULL,NULL,NULL,"Address 779",NULL,12,NULL
1280,616,"Employee117",NULL,"employee117@example.com",NULL,"Address 780","Certification 780",10,809
1281,507,"Employee8","cabin crew",NULL,NULL,"Address 781","Certification 781",7,920
1282,1377,NULL,NULL,NULL,"+1234567890782","Address 782",NULL,9,NULL
1283,1410,"Employee911","cabin crew","employee911@example.com","+1234567890783","Address 783","Certification 783",6,598
1284,783,NULL,"cabin crew","employee284@example.com",NULL,"Address 784","Certification 784",2,NULL
1285,1224,NULL,"cabin crew","employee725@example.com",NULL,"Address 785","Certification 785",16,447
1286,1142,NULL,"cabin crew",NULL,"+1234567890786","Address 786","Certification 786",12,96
1287,1090,"Employee591","pilot",NULL,"+1234567890787","Address 787","Certification 787",12,574
1288,1498,"Employee999","pilot",NULL,"+1234567890788",NULL,"Certification 788",16,NULL
1289,888,"Employee389",NULL,"employee389@example.com","+1234567890789","Address 789",NULL,NULL,497
1290,867,NULL,"cabin crew",NULL,"+1234567890790","Address 790","Certification 790",2,935
1291,603,"Employee104","cabin crew",NULL,"+1234567890791",NULL,"Certification 791",13,801
1292,634,NULL,"cabin crew","employee135@example.com","+1234567890792","Address 792",NULL,18,NULL
1293,1282,NULL,"pilot","employee783@example.com","+1234567890793","Address 793","Certification 793",5,903
1294,793,"Employee294","cabin crew",NULL,"+1234567890794",NULL,"Certification 794",6,875
1295,952,"Employee453",NULL,"employee453@example.com","+1234567890795",NULL,NULL,NULL,NULL
1296,991,"Employee492",NULL,NULL,"+1234567890796","Address 796","Certification 796",2,444
1297,1239,NULL,"cabin crew","employee740@example.com",NULL,"Address 797","Certification 797",13,NULL
1298,1049,"Employee550","engineer",NULL,"+1234567890798",NULL,"Certification 798",13,905
1299,1196,"Employee697","engineer",NULL,"+1234567890799","Address 799",NULL,16,NULL
1300,869,"Employee370","cabin crew",NULL,"+1234567890800","Address 800",NULL,0,1000
1301,664,"Employee165","engineer","employee165@example.com","+1234567890801","Address 801","Certification 801",11,680
1302,770,NULL,"engineer",NULL,"+1234567890802","Address 802",NULL,5,768
1303,945,NULL,NULL,NULL,"+1234567890803",NULL,"Certification 803",16,62
1304,970,NULL,"cabin crew","employee471@example.com","+1234567890804","Address 804","Certification 804",4,238
1305,786,NULL,"cabin crew",NULL,"+1234567890805","Address 805","Certification 805",NULL,NULL
1306,1113,NULL,NULL,"employee614@example.com",NULL,"Address 806","Certification 806",18,NULL
1307,881,"Employee382","cabin crew",NULL,"+1234567890807","Address 807","Certification 807",7,992
1308,1081,"Employee582",NULL,NULL,"+1234567890808",NULL,NULL,2,451
1309,891,"Employee392","cabin crew",NULL,"+1234567890809","Address 809","Certification 809",NULL,807
1310,1089,NULL,"pilot","employee590@example.com",NULL,"Address 810",NULL,NULL,98
1311,687,NULL,"pilot",NULL,"+1234567890811","Address 811",NULL,NULL,269
1312,945,NULL,NULL,NULL,"+1234567890812","Address 812","Certification 812",9,658
1313,918,NULL,"engineer",NULL,"+1234567890813","Address 813","Certification 813",11,244
1314,975,NULL,"pilot","employee476@example.com",NULL,"Address 814","Certification 814",11,193
1315,1213,NULL,NULL,NULL,"+1234567890815","Address 815","Certification 815",18,597
1316,783,NULL,NULL,"employee284@example.com",NULL,"Address 816","Certification 816",7,827
1317,836,NULL,"engineer","employee337@example.com","+1234567890817",NULL,"Certification 817",NULL,866
1318,1171,"Employee672","cabin crew","employee672@example.com","+1234567890818",NULL,"Certification 818",7,570
1319,1042,NULL,"cabin crew",NULL,NULL,"Address 819",NULL,17,NULL
1320,1378,NULL,NULL,"employee879@example.com","+1234567890820","Address 820",NULL,NULL,NULL
1321,774,"Employee275","cabin crew",NULL,"+1234567890821","Address 821","Certification 821",2,458
1322,995,"Employee496",NULL,NULL,"+1234567890822","Address 822","Certification 822",9,633
1323,1373,"Employee874","engineer","employee874@example.com","+1234567890823","Address 823",NULL,NULL,540
1324,528,"Employee29",NULL,"employee29@example.com","+1234567890824","Address 824","Certification 824",9,562
1325,1360,NULL,NULL,"employee861@example.com","+1234567890825",NULL,NULL,19,NULL
1326,987,"Employee488",NULL,NULL,"+1234567890826","Address 826","Certification 826",5,565
1327,1096,"Employee597","pilot","employee597@example.com","+1234567890827","Address 827","Certification 827",14,932
1328,587,"Employee88","pilot","employee88@example.com","+1234567890828","Address 828","Certification 828",3,160
1329,1432,NULL,"engineer","employee933@example.com","+1234567890829",NULL,"Certification 829",15,264
1330,1102,"Employee603",NULL,"employee603@example.com","+1234567890830","Address 830",NULL,NULL,666
1331,545,NULL,"pilot",NULL,"+1234567890831","Address 831","Certification 831",8,335
1332,1497,NULL,NULL,"employee998@example.com",NULL,NULL,"Certification 832",15,NULL
1333,1370,"Employee871","engineer",NULL,"+1234567890833","Address 833","Certification 833",NULL,100
1334,1082,NULL,NULL,"employee583@example.com","+1234567890834","Address 834","Certification 834",1,NULL
1335,630,"Employee131",NULL,NULL,NULL,"Address 835","Certification 835",8,831
1336,1078,NULL,"cabin crew","employee579@example.com","+1234567890836","Address 836","Certification 836",10,411
1337,1375,"Employee876","engineer",NULL,"+1234567890837",NULL,"Certification 837",2,521
1338,817,NULL,"pilot","employee318@example.com",NULL,"Address 838",NULL,12,799
1339,527,NULL,"engineer","employee28@example.com",NULL,"Address 839","Certification 839",4,288
1340,1141,"Employee642","cabin crew",NULL,"+1234567890840",NULL,"Certification 840",7,480
1341,508,NULL,NULL,"employee9@example.com","+1234567890841","Address 841",NULL,11,721
1342,1039,NULL,"cabin crew","employee540@example.com","+1234567890842","Address 842","Certification 842",NULL,78
1343,1019,NULL,"engineer",NULL,"+1234567890843","Address 843",NULL,NULL,NULL
1344,644,"Employee145",NULL,"employee145@example.com",NULL,"Address 844","Certification 844",12,NULL
1345,708,"Employee209","pilot","employee209@example.com",NULL,"Address 845","Certification 845",12,101
1346,1276,NULL,NULL,"employee777@example.com","+1234567890846",NULL,NULL,6,883
1347,847,NULL,NULL,"employee348@example.com","+1234567890847",NULL,"Certification 847",1,NULL
1348,1115,"Employee616","engineer",NULL,"+1234567890848",NULL,"Certification 848",NULL,938
1349,739,NULL,NULL,"employee240@example.com",NULL,NULL,"Certification 849",14,686
1350,793,"Employee294","cabin crew",NULL,"+1234567890850",NULL,"Certification 850",14,566
1351,1200,"Employee701",NULL,NULL,NULL,NULL,"Certification 851",1,968
1352,808,"Employee309",NULL,NULL,"+1234567890852","Address 852","Certification 852",12,928
1353,1120,"Employee621",NULL,"employee621@example.com","+1234567890853","Address 853","Certification 853",2,905
1354,808,"Employee309","cabin crew",NULL,NULL,NULL,NULL,16,NULL
1355,832,NULL,"cabin crew","employee333@example.com",NULL,"Address 855","Certification 855",19,669
1356,1335,NULL,NULL,NULL,"+1234567890856","Address 856",NULL,NULL,948
1357,1080,NULL,"engineer","employee581@example.com","+1234567890857","Address 857",NULL,4,NULL
1358,939,"Employee440","cabin crew",NULL,"+1234567890858",NULL,"Certification 858",16,894
1359,1116,NULL,"cabin crew",NULL,"+1234567890859","Address 859","Certification 859",NULL,11
1360,1311,"Employee812",NULL,NULL,NULL,"Address 860","Certification 860",13,826
1361,982,NULL,"pilot",NULL,"+1234567890861",NULL,NULL,11,910
1362,1331,NULL,NULL,"employee832@example.com","+1234567890862","Address 862","Certification 862",9,587
1363,707,NULL,"pilot","employee208@example.com",NULL,"Address 863",NULL,12,663
1364,884,NULL,"cabin crew",NULL,"+1234567890864","Address 864","Certification 864",2,829
1365,932,NULL,"engineer",NULL,"+1234567890865","Address 865","Certification 865",3,116
1366,1264,NULL,"engineer","employee765@example.com",NULL,NULL,NULL,8,514
1367,1140,NULL,"engineer",NULL,"+1234567890867","Address 867","Certification 867",7,749
1368,994,NULL,NULL,"employee495@example.com",NULL,"Address 868","Certification 868",12,705
1369,1349,"Employee850","cabin crew","employee850@example.com","+1234567890869","Address 869","Certification 869",11,NULL
1370,614,"Employee115",NULL,NULL,"+1234567890870","Address 870","Certification 870",11,436
1371,847,"Employee348","pilot","employee348@example.com","+1234567890871","Address 871","Certification 871",NULL,NULL
1372,1217,NULL,"engineer","employee718@example.com",NULL,"Address 872","Certification 872",NULL,NULL
1373,552,NULL,NULL,NULL,"+1234567890873","Address 873","Certification 873",8,307
1374,1125,NULL,NULL,NULL,"+1234567890874","Address 874","Certification 874",NULL,NULL
1375,1478,NULL,NULL,NULL,NULL,"Address 875",NULL,NULL,450
1376,1426,NULL,"engineer","employee927@example.com",NULL,"Address 876","Certification 876",NULL,525
1377,1012,"Employee513",NULL,"employee513@example.com",NULL,"Address 877","Certification 877",1,NULL
1378,1343,"Employee844","cabin crew",NULL,"+1234567890878",NULL,"Certification 878",1,NULL
1379,1083,NULL,"pilot",NULL,"+1234567890879","Address 879","Certification 879",18,752
1380,776,NULL,"engineer","employee277@example.com","+1234567890880","Address 880","Certification 880",8,335
1381,1459,NULL,NULL,"employee960@example.com",NULL,NULL,NULL,14,286
1382,1253,NULL,NULL,"employee754@example.com","+1234567890882","Address 882","Certification 882",15,NULL
1383,802,NULL,"engineer",NULL,"+1234567890883","Address 883","Certification 883",18,558
1384,922,NULL,NULL,"employee423@example.com","+1234567890884","Address 884",NULL,8,NULL
1385,1296,NULL,NULL,NULL,NULL,"Address 885","Certification 885",NULL,795
1386,781,NULL,"engineer",NULL,"+1234567890886","Address 886","Certification 886",6,NULL
1387,1429,"Employee930","engineer",NULL,"+1234567890887","Address 887","Certification 887",13,656
1388,1358,"Employee859",NULL,"employee859@example.com",NULL,"Address 888","Certification 888",NULL,922
1389,1452,"Employee953",NULL,NULL,"+1234567890889","Address 889",NULL,2,NULL
1390,576,NULL,"cabin crew","employee77@example.com","+1234567890890","Address 890",NULL,0,49
1391,937,"Employee438","pilot","employee438@example.com",NULL,"Address 891","Certification 891",NULL,139
1392,1354,"Employee855","engineer",NULL,"+1234567890892",NULL,"Certification 892",18,508
1393,1497,NULL,"cabin crew",NULL,NULL,"Address 893","Certification 893",10,887
1394,901,"Employee402","cabin crew",NULL,"+1234567890894","Address 894","Certification 894",8,655
1395,661,"Employee162",NULL,"employee162@example.com","+1234567890895","Address 895","Certification 895",7,417
1396,1096,"Employee597","pilot","employee597@example.com","+1234567890896","Address 896","Certification 896",0,NULL
1397,1213,NULL,NULL,NULL,NULL,"Address 897","Certification 897",1,822
1398,1307,"Employee808",NULL,"employee808@example.com",NULL,"Address 898","Certification 898",3,985
1399,650,NULL,"cabin crew","employee151@example.com","+1234567890899","Address 899","Certification 899",1,234
1400,1320,"Employee821",NULL,NULL,NULL,"Address 900",NULL,0,780
1401,1431,"Employee932",NULL,"employee932@example.com","+1234567890901",NULL,"Certification 901",NULL,542
1402,1402,"Employee903",NULL,"employee903@example.com","+1234567890902","Address 902","Certification 902",6,768
1403,1270,"Employee771",NULL,NULL,"+1234567890903",NULL,"Certification 903",5,236
1404,1300,NULL,"engineer",NULL,"+1234567890904","Address 904","Certification 904",2,504
1405,565,"Employee66",NULL,NULL,"+1234567890905",NULL,"Certification 905",7,959
1406,1449,"Employee950","cabin crew",NULL,NULL,"Address 906","Certification 906",18,937
1407,1011,"Employee512","engineer",NULL,NULL,"Address 907","Certification 907",NULL,738
1408,984,"Employee485","pilot","employee485@example.com",NULL,NULL,"Certification 908",10,995
1409,1038,NULL,"engineer",NULL,"+1234567890909","Address 909","Certification 909",NULL,761
1410,1065,"Employee566",NULL,NULL,"+1234567890910",NULL,"Certification 910",17,NULL
1411,1489,"Employee990",NULL,NULL,"+1234567890911","Address 911","Certification 911",4,567
1412,849,NULL,"engineer",NULL,"+1234567890912","Address 912","Certification 912",NULL,NULL
1413,626,"Employee127",NULL,NULL,"+1234567890913","Address 913",NULL,5,348
1414,908,"Employee409",NULL,NULL,"+1234567890914",NULL,NULL,NULL,423
1415,625,NULL,"pilot",NULL,"+1234567890915",NULL,"Certification 915",5,675
1416,743,"Employee244","pilot",NULL,"+1234567890916",NULL,NULL,NULL,659
1417,1405,"Employee906",NULL,"employee906@example.com","+1234567890917","Address 917","Certification 917",0,786
1418,807,"Employee308","cabin crew","employee308@example.com",NULL,"Address 918",NULL,5,432
1419,1317,"Employee818","cabin crew","employee818@example.com",NULL,"Address 919","Certification 919",0,NULL
1420,1301,"Employee802",NULL,NULL,"+1234567890920","Address 920","Certification 920",4,NULL
1421,579,"Employee80",NULL,NULL,"+1234567890921",NULL,"Certification 921",2,237
1422,690,"Employee191",NULL,NULL,"+1234567890922","Address 922","Certification 922",10,849
1423,869,"Employee370","cabin crew","employee370@example.com",NULL,"Address 923","Certification 923",5,179
1424,1231,NULL,"pilot",NULL,NULL,"Address 924","Certification 924",3,963
1425,1384,NULL,"engineer",NULL,NULL,"Address 925","Certification 925",18,971
1426,754,NULL,"cabin crew","employee255@example.com","+1234567890926",NULL,"Certification 926",8,544
1427,1247,"Employee748","engineer","employee748@example.com",NULL,"Address 927","Certification 927",17,458
1428,1331,"Employee832",NULL,"employee832@example.com","+1234567890928","Address 928","Certification 928",16,368
1429,507,"Employee8","cabin crew","employee8@example.com","+1234567890929","Address 929","Certification 929",2,300
1430,828,NULL,NULL,"employee329@example.com","+1234567890930",NULL,"Certification 930",4,958
1431,985,NULL,"cabin crew","employee486@example.com","+1234567890931","Address 931",NULL,12,646
1432,1082,NULL,NULL,"employee583@example.com",NULL,"Address 932","Certification 932",6,36
1433,726,"Employee227",NULL,"employee227@example.com","+1234567890933",NULL,"Certification 933",18,NULL
1434,1305,"Employee806",NULL,"employee806@example.com","+1234567890934","Address 934","Certification 934",17,568
1435,1102,"Employee603",NULL,NULL,"+1234567890935","Address 935",NULL,18,90
1436,797,NULL,"cabin crew","employee298@example.com","+1234567890936","Address 936","Certification 936",12,247
1437,875,"Employee376",NULL,"employee376@example.com",NULL,"Address 937",NULL,4,109
1438,1068,NULL,NULL,NULL,"+1234567890938",NULL,"Certification 938",16,841
1439,927,NULL,NULL,NULL,"+1234567890939",NULL,NULL,2,333
1440,569,"Employee70",NULL,"employee70@example.com",NULL,"Address 940","Certification 940",NULL,NULL
1441,1486,"Employee987","cabin crew","employee987@example.com","+1234567890941",NULL,"Certification 941",NULL,562
1442,854,"Employee355",NULL,"employee355@example.com","+1234567890942","Address 942",NULL,NULL,314
1443,972,NULL,"engineer",NULL,NULL,"Address 943","Certification 943",11,979
1444,1079,NULL,NULL,"employee580@example.com",NULL,"Address 944","Certification 944",NULL,298
1446,1305,"Employee806","engineer","employee806@example.com","+1234567890946","Address 946","Certification 946",6,266
1447,1477,NULL,NULL,"employee978@example.com","+1234567890947","Address 947","Certification 947",10,278
1448,1006,NULL,"engineer","employee507@example.com","+1234567890948","Address 948","Certification 948",14,NULL
1449,623,NULL,NULL,"employee124@example.com","+1234567890949","Address 949","Certification 949",NULL,NULL
1450,1371,"Employee872","pilot",NULL,"+1234567890950","Address 950",NULL,1,954
1451,527,NULL,NULL,"employee28@example.com","+1234567890951",NULL,"Certification 951",3,NULL
1452,724,"Employee225","engineer","employee225@example.com",NULL,"Address 952",NULL,19,76
1453,1472,NULL,"pilot",NULL,"+1234567890953",NULL,NULL,15,NULL
1454,836,"Employee337","engineer","employee337@example.com","+1234567890954",NULL,"Certification 954",0,NULL
1455,797,NULL,"cabin crew",NULL,NULL,"Address 955","Certification 955",NULL,269
1456,922,NULL,NULL,"employee423@example.com","+1234567890956","Address 956",NULL,19,570
1457,1112,"Employee613",NULL,"employee613@example.com",NULL,"Address 957","Certification 957",8,NULL
1458,1217,NULL,"engineer","employee718@example.com","+1234567890958","Address 958","Certification 958",9,492
1459,1383,"Employee884",NULL,NULL,"+1234567890959",NULL,"Certification 959",11,NULL
1460,512,"Employee13",NULL,"employee13@example.com",NULL,"Address 960","Certification 960",NULL,181
1461,1078,NULL,"cabin crew","employee579@example.com","+1234567890961","Address 961","Certification 961",13,843
1462,1101,"Employee602","cabin crew","employee602@example.com","+1234567890962","Address 962","Certification 962",19,NULL
1463,1186,NULL,"pilot","employee687@example.com","+1234567890963","Address 963","Certification 963",NULL,770
1464,639,"Employee140","engineer","employee140@example.com",NULL,"Address 964","Certification 964",6,NULL
1465,1039,"Employee540","cabin crew","employee540@example.com",NULL,"Address 965","Certification 965",NULL,NULL
1466,616,NULL,NULL,"employee117@example.com","+1234567890966",NULL,"Certification 966",NULL,946
1467,899,"Employee400","cabin crew","employee400@example.com","+1234567890967","Address 967",NULL,18,947
1468,784,NULL,NULL,"employee285@example.com","+1234567890968","Address 968",NULL,4,502
1469,1026,"Employee527","cabin crew","employee527@example.com","+1234567890969","Address 969","Certification 969",15,993
1470,926,"Employee427",NULL,"employee427@example.com","+1234567890970","Address 970","Certification 970",11,922
1471,1067,NULL,"pilot",NULL,NULL,"Address 971","Certification 971",18,842
1472,1119,NULL,NULL,NULL,"+1234567890972","Address 972","Certification 972",0,354
1473,791,"Employee292","cabin crew","employee292@example.com",NULL,"Address 973","Certification 973",NULL,792
1474,1227,NULL,NULL,"employee728@example.com","+1234567890974","Address 974","Certification 974",16,4
1475,1322,"Employee823","engineer",NULL,"+1234567890975","Address 975","Certification 975",9,NULL
1476,696,"Employee197","engineer","employee197@example.com","+1234567890976",NULL,"Certification 976",3,105
1477,930,"Employee431","cabin crew","employee431@example.com","+1234567890977",NULL,"Certification 977",3,NULL
1478,1142,NULL,"cabin crew",NULL,"+1234567890978","Address 978","Certification 978",NULL,844
1479,966,"Employee467","pilot","employee467@example.com","+1234567890979",NULL,"Certification 979",14,932
1480,611,NULL,NULL,"employee112@example.com","+1234567890980","Address 980",NULL,17,NULL
1481,1197,NULL,"cabin crew",NULL,NULL,NULL,NULL,8,628
1482,1377,"Employee878",NULL,NULL,"+1234567890982","Address 982","Certification 982",0,NULL
1483,682,"Employee183",NULL,NULL,"+1234567890983",NULL,"Certification 983",NULL,770
1484,876,"Employee377",NULL,"employee377@example.com","+1234567890984",NULL,"Certification 984",4,NULL
1485,809,NULL,"cabin crew","employee310@example.com",NULL,"Address 985","Certification 985",NULL,449
1486,866,"Employee367",NULL,NULL,"+1234567890986","Address 986",NULL,17,850
1487,1095,NULL,NULL,"employee596@example.com","+1234567890987","Address 987","Certification 987",2,673
1488,1263,"Employee764",NULL,NULL,"+1234567890988","Address 988","Certification 988",5,613
1489,924,"Employee425","engineer",NULL,"+1234567890989","Address 989","Certification 989",18,983
1490,739,NULL,NULL,"employee240@example.com","+1234567890990","Address 990",NULL,13,NULL
1491,712,NULL,NULL,"employee213@example.com",NULL,NULL,NULL,NULL,514
1492,798,NULL,"cabin crew","employee299@example.com","+1234567890992","Address 992","Certification 992",1,71
1493,883,NULL,NULL,NULL,"+1234567890993","Address 993",NULL,12,NULL
1494,1327,"Employee828","cabin crew","employee828@example.com",NULL,"Address 994","Certification 994",7,328
1495,570,"Employee71",NULL,"employee71@example.com",NULL,"Address 995",NULL,NULL,447
1496,840,NULL,"pilot","employee341@example.com","+1234567890996",NULL,"Certification 996",5,NULL
1497,1454,"Employee955",NULL,"employee955@example.com","+1234567890997","Address 997","Certification 997",4,919
1498,1402,NULL,"cabin crew","employee903@example.com",NULL,"Address 998",NULL,7,55
1499,630,NULL,NULL,"employee131@example.com",NULL,NULL,"Certification 999",12,984
