"employeeid","managerid","name","type","email","password","gender"
603,1,"Employee104","cabin crew",NULL,NULL,NULL
717,1,NULL,NULL,NULL,"password218",NULL
1129,1,NULL,"pilot",NULL,NULL,"Female"
1257,1,NULL,"pilot",NULL,NULL,"Male"
1299,1,NULL,NULL,NULL,NULL,"Female"
1416,1,"Employee917","cabin crew",NULL,NULL,"Male"
501,1,"Employee2","engineer","employee2@example.com","password2",NULL
502,1,"Employee3","pilot",NULL,NULL,NULL
503,1,"Employee4","engineer","employee4@example.com",NULL,NULL
504,1,"Employee5","cabin crew",NULL,"password5",NULL
505,1,"Employee6","engineer","employee6@example.com","password6",NULL
506,1,"Employee7",NULL,"employee7@example.com","password7",NULL
507,1,"Employee8","cabin crew","employee8@example.com",NULL,NULL
508,1,"Employee9",NULL,"employee9@example.com","password9",NULL
509,1,"Employee10","pilot","employee10@example.com","password10",NULL
510,1,"Employee11","engineer","employee11@example.com","password11",NULL
511,1,"Employee12","engineer","employee12@example.com","password12",NULL
512,1,"Employee13",NULL,"employee13@example.com","password13",NULL
513,1,NULL,"cabin crew","employee14@example.com","password14",NULL
514,1,NULL,"cabin crew","employee15@example.com","password15",NULL
515,1,"Employee16","cabin crew","employee16@example.com","password16",NULL
516,1,"Employee17","pilot","employee17@example.com","password17",NULL
517,1,"Employee18","cabin crew","employee18@example.com","password18",NULL
518,1,"Employee19",NULL,"employee19@example.com","password19",NULL
519,1,"Employee20","pilot","employee20@example.com","password20",NULL
520,1,NULL,"cabin crew","employee21@example.com","password21",NULL
521,1,"Employee22","cabin crew",NULL,"password22",NULL
522,1,"Employee23",NULL,NULL,NULL,NULL
523,1,"Employee24","engineer","employee24@example.com",NULL,NULL
524,1,NULL,NULL,"employee25@example.com","password25",NULL
525,1,"Employee26","pilot","employee26@example.com","password26",NULL
526,1,"Employee27",NULL,"employee27@example.com","password27",NULL
527,1,NULL,"engineer","employee28@example.com","password28",NULL
528,1,"Employee29",NULL,"employee29@example.com","password29",NULL
529,1,"Employee30","engineer","employee30@example.com","password30",NULL
530,1,NULL,"pilot","employee31@example.com","password31",NULL
531,1,"Employee32","pilot","employee32@example.com","password32",NULL
532,1,"Employee33","engineer","employee33@example.com","password33",NULL
533,1,"Employee34",NULL,NULL,"password34",NULL
534,1,"Employee35","cabin crew",NULL,NULL,NULL
535,1,"Employee36","engineer","employee36@example.com","password36",NULL
536,1,"Employee37","cabin crew","employee37@example.com","password37",NULL
537,1,"Employee38",NULL,"employee38@example.com","password38",NULL
538,1,"Employee39","pilot","employee39@example.com",NULL,NULL
539,1,"Employee40","cabin crew","employee40@example.com","password40",NULL
540,1,NULL,"engineer","employee41@example.com",NULL,NULL
541,1,"Employee42",NULL,NULL,"password42",NULL
542,1,"Employee43","cabin crew","employee43@example.com","password43",NULL
543,1,"Employee44",NULL,"employee44@example.com","password44",NULL
544,1,"Employee45",NULL,"employee45@example.com",NULL,NULL
545,1,"Employee46","pilot","employee46@example.com",NULL,NULL
546,1,"Employee47",NULL,"employee47@example.com","password47",NULL
547,1,"Employee48","cabin crew",NULL,NULL,NULL
548,1,"Employee49","pilot",NULL,"password49",NULL
549,1,"Employee50",NULL,"employee50@example.com",NULL,NULL
550,1,NULL,NULL,"employee51@example.com","password51",NULL
551,1,"Employee52",NULL,"employee52@example.com","password52",NULL
552,1,NULL,"pilot",NULL,"password53",NULL
553,1,"Employee54","cabin crew","employee54@example.com","password54",NULL
554,1,"Employee55","engineer",NULL,NULL,NULL
555,1,NULL,"cabin crew","employee56@example.com","password56",NULL
556,1,"Employee57","cabin crew","employee57@example.com","password57",NULL
557,1,"Employee58","cabin crew","employee58@example.com","password58",NULL
558,1,NULL,NULL,NULL,"password59",NULL
559,1,"Employee60",NULL,"employee60@example.com",NULL,NULL
560,1,"Employee61",NULL,"employee61@example.com","password61",NULL
561,1,NULL,"pilot","employee62@example.com","password62",NULL
562,1,"Employee63","pilot","employee63@example.com","password63",NULL
563,1,"Employee64",NULL,"employee64@example.com",NULL,NULL
564,1,"Employee65",NULL,"employee65@example.com","password65",NULL
565,1,"Employee66","engineer",NULL,"password66",NULL
566,1,"Employee67","engineer","employee67@example.com","password67",NULL
567,1,"Employee68",NULL,"employee68@example.com","password68",NULL
568,1,NULL,NULL,"employee69@example.com","password69",NULL
569,1,"Employee70","cabin crew","employee70@example.com","password70",NULL
570,1,"Employee71",NULL,"employee71@example.com","password71",NULL
571,1,"Employee72","cabin crew","employee72@example.com",NULL,NULL
572,1,"Employee73",NULL,"employee73@example.com","password73",NULL
573,1,"Employee74",NULL,"employee74@example.com","password74",NULL
574,1,NULL,NULL,"employee75@example.com","password75",NULL
575,1,"Employee76","engineer","employee76@example.com","password76",NULL
576,1,"Employee77","cabin crew","employee77@example.com","password77",NULL
577,1,"Employee78","pilot","employee78@example.com","password78",NULL
578,1,"Employee79","engineer","employee79@example.com","password79",NULL
579,1,"Employee80",NULL,NULL,NULL,NULL
580,1,NULL,"cabin crew","employee81@example.com","password81",NULL
581,1,"Employee82",NULL,"employee82@example.com",NULL,NULL
582,1,"Employee83",NULL,NULL,"password83",NULL
583,1,"Employee84","cabin crew","employee84@example.com","password84",NULL
584,1,"Employee85",NULL,"employee85@example.com","password85",NULL
585,1,"Employee86","pilot","employee86@example.com","password86",NULL
586,1,"Employee87","cabin crew",NULL,"password87",NULL
587,1,"Employee88","pilot","employee88@example.com","password88",NULL
588,1,"Employee89","cabin crew",NULL,"password89",NULL
589,1,"Employee90","engineer","employee90@example.com","password90",NULL
590,1,"Employee91","cabin crew","employee91@example.com","password91",NULL
591,1,"Employee92",NULL,NULL,"password92",NULL
592,1,"Employee93","cabin crew","employee93@example.com",NULL,NULL
593,1,NULL,"engineer","employee94@example.com","password94",NULL
594,1,"Employee95",NULL,NULL,"password95",NULL
595,1,"Employee96","cabin crew","employee96@example.com","password96",NULL
596,1,"Employee97",NULL,"employee97@example.com","password97",NULL
597,1,"Employee98",NULL,"employee98@example.com",NULL,NULL
598,1,"Employee99",NULL,NULL,"password99",NULL
599,1,"Employee100","engineer","employee100@example.com","password100",NULL
600,1,NULL,"pilot",NULL,NULL,NULL
1198,1,"Employee699","pilot",NULL,NULL,"Male"
601,1,"Employee102","cabin crew","employee102@example.com","password102",NULL
602,1,NULL,NULL,"employee103@example.com","password103",NULL
604,1,"Employee105","pilot","employee105@example.com","password105",NULL
605,1,"Employee106","cabin crew","employee106@example.com","password106",NULL
606,1,"Employee107",NULL,NULL,"password107",NULL
607,1,"Employee108","cabin crew","employee108@example.com",NULL,NULL
608,1,NULL,NULL,NULL,"password109",NULL
609,1,NULL,NULL,"employee110@example.com","password110",NULL
610,1,"Employee111","engineer","employee111@example.com",NULL,NULL
611,1,"Employee112","pilot","employee112@example.com","password112",NULL
612,1,"Employee113","pilot","employee113@example.com","password113",NULL
613,1,"Employee114",NULL,"employee114@example.com","password114",NULL
614,1,"Employee115",NULL,NULL,"password115",NULL
615,1,"Employee116","cabin crew","employee116@example.com","password116",NULL
616,1,"Employee117",NULL,"employee117@example.com","password117",NULL
617,1,"Employee118","cabin crew","employee118@example.com",NULL,NULL
618,1,"Employee119",NULL,"employee119@example.com","password119",NULL
619,1,NULL,"cabin crew","employee120@example.com","password120",NULL
620,1,NULL,"pilot","employee121@example.com","password121",NULL
621,1,NULL,NULL,"employee122@example.com","password122",NULL
622,1,NULL,"engineer","employee123@example.com","password123",NULL
623,1,NULL,"cabin crew","employee124@example.com","password124",NULL
624,1,"Employee125","engineer","employee125@example.com","password125",NULL
625,1,"Employee126","pilot",NULL,NULL,NULL
626,1,"Employee127",NULL,NULL,NULL,NULL
627,1,"Employee128",NULL,"employee128@example.com",NULL,NULL
628,1,"Employee129","cabin crew","employee129@example.com","password129",NULL
629,1,"Employee130","cabin crew","employee130@example.com",NULL,NULL
630,1,"Employee131",NULL,"employee131@example.com","password131",NULL
631,1,"Employee132","cabin crew",NULL,NULL,NULL
632,1,NULL,"engineer","employee133@example.com",NULL,NULL
633,1,"Employee134","engineer","employee134@example.com","password134",NULL
634,1,NULL,"cabin crew","employee135@example.com","password135",NULL
635,1,"Employee136",NULL,NULL,"password136",NULL
636,1,NULL,NULL,NULL,"password137",NULL
637,1,NULL,"pilot","employee138@example.com","password138",NULL
638,1,"Employee139",NULL,"employee139@example.com","password139",NULL
639,1,"Employee140","engineer","employee140@example.com","password140",NULL
640,1,NULL,NULL,"employee141@example.com","password141",NULL
641,1,"Employee142","engineer",NULL,"password142",NULL
642,1,"Employee143","pilot",NULL,"password143",NULL
643,1,"Employee144","cabin crew","employee144@example.com",NULL,NULL
644,1,"Employee145",NULL,"employee145@example.com","password145",NULL
645,1,"Employee146",NULL,NULL,"password146",NULL
646,1,"Employee147","cabin crew","employee147@example.com","password147",NULL
647,1,"Employee148","cabin crew",NULL,"password148",NULL
648,1,NULL,"cabin crew","employee149@example.com","password149",NULL
649,1,NULL,NULL,NULL,"password150",NULL
650,1,"Employee151","cabin crew","employee151@example.com","password151",NULL
651,1,NULL,"cabin crew",NULL,"password152",NULL
652,1,"Employee153",NULL,NULL,"password153",NULL
653,1,"Employee154","cabin crew",NULL,"password154",NULL
654,1,"Employee155","engineer",NULL,"password155",NULL
655,1,"Employee156","cabin crew","employee156@example.com","password156",NULL
656,1,"Employee157","pilot","employee157@example.com","password157",NULL
657,1,"Employee158","pilot","employee158@example.com","password158",NULL
658,1,"Employee159","pilot","employee159@example.com",NULL,NULL
659,1,"Employee160","cabin crew","employee160@example.com",NULL,NULL
660,1,"Employee161","engineer",NULL,"password161",NULL
661,1,"Employee162",NULL,"employee162@example.com","password162",NULL
662,1,"Employee163","pilot","employee163@example.com","password163",NULL
663,1,"Employee164","pilot","employee164@example.com","password164",NULL
664,1,"Employee165","engineer","employee165@example.com","password165",NULL
665,1,"Employee166","engineer","employee166@example.com","password166",NULL
666,1,"Employee167",NULL,"employee167@example.com","password167",NULL
667,1,"Employee168","engineer","employee168@example.com","password168",NULL
668,1,NULL,"cabin crew",NULL,"password169",NULL
669,1,"Employee170",NULL,"employee170@example.com","password170",NULL
670,1,NULL,"pilot","employee171@example.com",NULL,NULL
671,1,"Employee172","engineer",NULL,"password172",NULL
672,1,"Employee173","engineer","employee173@example.com","password173",NULL
673,1,"Employee174","cabin crew","employee174@example.com","password174",NULL
674,1,NULL,"cabin crew","employee175@example.com","password175",NULL
675,1,"Employee176","pilot","employee176@example.com",NULL,NULL
676,1,"Employee177",NULL,NULL,"password177",NULL
677,1,"Employee178","pilot",NULL,"password178",NULL
678,1,NULL,"cabin crew","employee179@example.com","password179",NULL
679,1,"Employee180",NULL,"employee180@example.com","password180",NULL
680,1,"Employee181",NULL,"employee181@example.com","password181",NULL
681,1,"Employee182","cabin crew","employee182@example.com",NULL,NULL
682,1,"Employee183",NULL,NULL,"password183",NULL
683,1,"Employee184","pilot",NULL,"password184",NULL
684,1,"Employee185","engineer",NULL,"password185",NULL
685,1,"Employee186","pilot","employee186@example.com","password186",NULL
686,1,"Employee187",NULL,NULL,"password187",NULL
687,1,NULL,"pilot","employee188@example.com",NULL,NULL
688,1,"Employee189","pilot","employee189@example.com",NULL,NULL
689,1,"Employee190",NULL,NULL,"password190",NULL
690,1,"Employee191","pilot",NULL,"password191",NULL
691,1,"Employee192",NULL,"employee192@example.com",NULL,NULL
692,1,"Employee193",NULL,NULL,NULL,NULL
693,1,NULL,NULL,"employee194@example.com","password194",NULL
694,1,NULL,"engineer","employee195@example.com","password195",NULL
695,1,NULL,NULL,"employee196@example.com","password196",NULL
696,1,"Employee197","engineer","employee197@example.com","password197",NULL
697,1,"Employee198","pilot","employee198@example.com","password198",NULL
698,1,"Employee199","engineer",NULL,"password199",NULL
699,1,"Employee200","pilot","employee200@example.com","password200",NULL
700,1,"Employee201","cabin crew","employee201@example.com","password201",NULL
701,1,"Employee202","pilot","employee202@example.com",NULL,NULL
702,1,"Employee203","engineer","employee203@example.com","password203",NULL
703,1,"Employee204","pilot","employee204@example.com","password204",NULL
704,1,"Employee205","cabin crew","employee205@example.com","password205",NULL
705,1,"Employee206","cabin crew",NULL,"password206",NULL
706,1,"Employee207","cabin crew","employee207@example.com","password207",NULL
707,1,NULL,"pilot","employee208@example.com","password208",NULL
708,1,"Employee209","pilot","employee209@example.com","password209",NULL
709,1,"Employee210",NULL,"employee210@example.com",NULL,NULL
710,1,"Employee211","cabin crew","employee211@example.com","password211",NULL
711,1,"Employee212",NULL,"employee212@example.com","password212",NULL
712,1,NULL,NULL,"employee213@example.com","password213",NULL
713,1,NULL,NULL,"employee214@example.com","password214",NULL
714,1,"Employee215","engineer","employee215@example.com","password215",NULL
715,1,"Employee216","pilot",NULL,"password216",NULL
716,1,"Employee217","pilot","employee217@example.com","password217",NULL
718,1,NULL,"engineer","employee219@example.com",NULL,NULL
719,1,"Employee220","pilot",NULL,"password220",NULL
720,1,"Employee221","cabin crew",NULL,"password221",NULL
721,1,"Employee222","pilot",NULL,"password222",NULL
722,1,"Employee223","engineer",NULL,"password223",NULL
723,1,"Employee224",NULL,"employee224@example.com","password224",NULL
724,1,"Employee225","engineer","employee225@example.com",NULL,NULL
725,1,NULL,NULL,"employee226@example.com",NULL,NULL
726,1,"Employee227",NULL,"employee227@example.com","password227",NULL
727,1,"Employee228","cabin crew","employee228@example.com","password228",NULL
728,1,"Employee229","pilot","employee229@example.com","password229",NULL
729,1,"Employee230","cabin crew","employee230@example.com","password230",NULL
730,1,"Employee231","engineer","employee231@example.com","password231",NULL
731,1,"Employee232","cabin crew","employee232@example.com","password232",NULL
732,1,"Employee233","cabin crew","employee233@example.com",NULL,NULL
733,1,"Employee234","cabin crew","employee234@example.com","password234",NULL
734,1,"Employee235","cabin crew",NULL,"password235",NULL
735,1,"Employee236","cabin crew","employee236@example.com","password236",NULL
736,1,"Employee237","cabin crew","employee237@example.com","password237",NULL
737,1,"Employee238",NULL,"employee238@example.com","password238",NULL
738,1,"Employee239","pilot","employee239@example.com","password239",NULL
739,1,"Employee240","engineer","employee240@example.com","password240",NULL
740,1,"Employee241","engineer","employee241@example.com","password241",NULL
741,1,"Employee242","engineer","employee242@example.com","password242",NULL
742,1,"Employee243",NULL,"employee243@example.com","password243",NULL
743,1,"Employee244","pilot",NULL,NULL,NULL
744,1,"Employee245","pilot","employee245@example.com",NULL,NULL
745,1,NULL,NULL,"employee246@example.com","password246",NULL
746,1,"Employee247","engineer","employee247@example.com","password247",NULL
747,1,"Employee248",NULL,"employee248@example.com","password248",NULL
748,1,NULL,NULL,"employee249@example.com","password249",NULL
749,1,"Employee250","cabin crew","employee250@example.com","password250",NULL
750,1,"Employee251","pilot","employee251@example.com","password251",NULL
751,1,"Employee252",NULL,"employee252@example.com","password252",NULL
752,1,NULL,"pilot",NULL,"password253",NULL
753,1,"Employee254","cabin crew",NULL,NULL,NULL
754,1,NULL,"cabin crew","employee255@example.com","password255",NULL
755,1,NULL,NULL,"employee256@example.com",NULL,NULL
756,1,"Employee257","pilot",NULL,"password257",NULL
757,1,NULL,"cabin crew","employee258@example.com","password258",NULL
758,1,NULL,"cabin crew","employee259@example.com","password259",NULL
759,1,"Employee260",NULL,"employee260@example.com","password260",NULL
760,1,"Employee261","pilot","employee261@example.com",NULL,NULL
761,1,NULL,"cabin crew","employee262@example.com",NULL,NULL
762,1,"Employee263","cabin crew","employee263@example.com","password263",NULL
763,1,"Employee264","pilot","employee264@example.com","password264",NULL
764,1,"Employee265","pilot","employee265@example.com","password265",NULL
765,1,"Employee266","cabin crew","employee266@example.com",NULL,NULL
766,1,"Employee267","pilot","employee267@example.com",NULL,NULL
767,1,"Employee268","engineer","employee268@example.com",NULL,NULL
768,1,NULL,"pilot",NULL,"password269",NULL
769,1,"Employee270","pilot",NULL,"password270",NULL
770,1,NULL,"engineer","employee271@example.com",NULL,NULL
771,1,"Employee272","engineer",NULL,"password272",NULL
772,1,"Employee273","engineer","employee273@example.com","password273",NULL
773,1,NULL,"cabin crew","employee274@example.com",NULL,NULL
774,1,"Employee275","cabin crew",NULL,NULL,NULL
775,1,NULL,"pilot","employee276@example.com","password276",NULL
776,1,"Employee277","engineer","employee277@example.com","password277",NULL
777,1,NULL,"pilot",NULL,NULL,NULL
778,1,"Employee279",NULL,"employee279@example.com","password279",NULL
779,1,"Employee280",NULL,"employee280@example.com","password280",NULL
780,1,"Employee281","pilot","employee281@example.com","password281",NULL
781,1,NULL,"engineer",NULL,"password282",NULL
782,1,"Employee283",NULL,"employee283@example.com","password283",NULL
783,1,"Employee284","cabin crew","employee284@example.com","password284",NULL
784,1,NULL,NULL,"employee285@example.com","password285",NULL
785,1,"Employee286","pilot","employee286@example.com","password286",NULL
786,1,"Employee287","cabin crew","employee287@example.com","password287",NULL
787,1,NULL,NULL,"employee288@example.com","password288",NULL
788,1,"Employee289","pilot","employee289@example.com","password289",NULL
789,1,"Employee290","cabin crew",NULL,"password290",NULL
790,1,"Employee291","cabin crew",NULL,"password291",NULL
791,1,"Employee292","cabin crew","employee292@example.com","password292",NULL
792,1,"Employee293","engineer","employee293@example.com","password293",NULL
793,1,"Employee294","cabin crew",NULL,"password294",NULL
794,1,"Employee295",NULL,NULL,"password295",NULL
795,1,"Employee296","pilot","employee296@example.com",NULL,NULL
796,1,"Employee297",NULL,"employee297@example.com","password297",NULL
797,1,NULL,"cabin crew","employee298@example.com","password298",NULL
798,1,"Employee299","cabin crew","employee299@example.com","password299",NULL
799,1,"Employee300","cabin crew","employee300@example.com","password300",NULL
800,1,NULL,NULL,"employee301@example.com",NULL,"Female"
801,1,"Employee302",NULL,"employee302@example.com","password302","Male"
802,1,"Employee303","engineer","employee303@example.com","password303","Female"
803,1,"Employee304","cabin crew",NULL,"password304","Female"
804,1,"Employee305","engineer","employee305@example.com","password305","Female"
805,1,"Employee306","pilot","employee306@example.com","password306","Male"
806,1,NULL,"pilot","employee307@example.com","password307","Male"
807,1,"Employee308","cabin crew","employee308@example.com","password308","Male"
808,1,"Employee309","cabin crew",NULL,NULL,"Male"
809,1,NULL,"cabin crew","employee310@example.com",NULL,"Male"
810,1,NULL,"cabin crew","employee311@example.com","password311","Male"
811,1,NULL,"engineer","employee312@example.com","password312","Female"
812,1,"Employee313","cabin crew","employee313@example.com","password313","Male"
813,1,"Employee314","engineer","employee314@example.com","password314","Male"
814,1,"Employee315","pilot","employee315@example.com",NULL,"Male"
815,1,NULL,"cabin crew",NULL,"password316","Female"
816,1,"Employee317","engineer","employee317@example.com","password317","Female"
817,1,"Employee318","pilot","employee318@example.com",NULL,"Male"
818,1,"Employee319","cabin crew","employee319@example.com",NULL,"Male"
819,1,"Employee320",NULL,"employee320@example.com",NULL,"Female"
820,1,"Employee321","engineer","employee321@example.com",NULL,"Male"
821,1,"Employee322","pilot","employee322@example.com",NULL,"Female"
822,1,"Employee323","engineer","employee323@example.com","password323","Female"
823,1,"Employee324","engineer","employee324@example.com",NULL,"Male"
824,1,"Employee325","cabin crew",NULL,"password325","Male"
825,1,"Employee326",NULL,"employee326@example.com","password326","Male"
826,1,NULL,NULL,"employee327@example.com","password327","Female"
827,1,"Employee328","cabin crew","employee328@example.com","password328","Male"
828,1,"Employee329","pilot","employee329@example.com","password329","Male"
829,1,NULL,"pilot","employee330@example.com","password330","Female"
830,1,NULL,NULL,"employee331@example.com",NULL,"Female"
831,1,"Employee332","cabin crew",NULL,"password332","Male"
832,1,NULL,"cabin crew","employee333@example.com","password333","Female"
833,1,"Employee334","engineer","employee334@example.com","password334","Male"
834,1,"Employee335","cabin crew","employee335@example.com","password335","Male"
835,1,NULL,"cabin crew","employee336@example.com",NULL,"Male"
836,1,"Employee337","engineer","employee337@example.com",NULL,"Male"
837,1,"Employee338",NULL,NULL,NULL,"Male"
838,1,"Employee339","engineer","employee339@example.com","password339","Female"
839,1,"Employee340","engineer","employee340@example.com",NULL,"Female"
840,1,NULL,"pilot","employee341@example.com","password341","Male"
841,1,"Employee342",NULL,"employee342@example.com",NULL,"Male"
842,1,"Employee343",NULL,"employee343@example.com","password343","Male"
843,1,"Employee344","pilot","employee344@example.com",NULL,"Male"
844,1,"Employee345","engineer",NULL,"password345","Male"
845,1,NULL,NULL,"employee346@example.com","password346","Female"
846,1,NULL,NULL,"employee347@example.com","password347","Female"
847,1,"Employee348","pilot","employee348@example.com","password348","Female"
848,1,"Employee349","pilot",NULL,"password349","Male"
849,1,NULL,"engineer",NULL,"password350","Male"
850,1,"Employee351",NULL,"employee351@example.com","password351","Female"
851,1,"Employee352","cabin crew",NULL,NULL,"Female"
852,1,"Employee353","engineer","employee353@example.com","password353","Male"
853,1,"Employee354","engineer","employee354@example.com","password354","Male"
854,1,"Employee355",NULL,"employee355@example.com","password355","Female"
855,1,"Employee356","cabin crew",NULL,NULL,"Female"
856,1,"Employee357","cabin crew","employee357@example.com","password357","Female"
857,1,NULL,"engineer",NULL,"password358","Female"
858,1,"Employee359",NULL,NULL,NULL,"Female"
859,1,"Employee360","engineer","employee360@example.com",NULL,"Female"
860,1,NULL,"engineer","employee361@example.com",NULL,"Female"
861,1,"Employee362","pilot",NULL,"password362","Male"
862,1,"Employee363","cabin crew","employee363@example.com","password363","Female"
863,1,NULL,"cabin crew","employee364@example.com","password364","Male"
864,1,"Employee365","cabin crew","employee365@example.com","password365","Male"
865,1,"Employee366",NULL,"employee366@example.com","password366","Male"
866,1,"Employee367","engineer",NULL,"password367","Female"
867,1,NULL,"cabin crew","employee368@example.com","password368","Female"
868,1,"Employee369","pilot",NULL,"password369","Male"
869,1,"Employee370","cabin crew","employee370@example.com",NULL,"Male"
870,1,NULL,"engineer","employee371@example.com",NULL,"Male"
871,1,"Employee372","cabin crew",NULL,"password372","Female"
872,1,"Employee373","cabin crew","employee373@example.com","password373","Female"
873,1,"Employee374",NULL,"employee374@example.com","password374","Male"
874,1,"Employee375","engineer",NULL,"password375","Female"
875,1,"Employee376","cabin crew","employee376@example.com","password376","Male"
876,1,"Employee377","engineer","employee377@example.com","password377","Female"
877,1,"Employee378",NULL,"employee378@example.com","password378","Female"
878,1,"Employee379","pilot",NULL,"password379","Male"
879,1,"Employee380",NULL,"employee380@example.com","password380","Female"
880,1,NULL,"cabin crew",NULL,"password381","Female"
881,1,"Employee382","cabin crew",NULL,"password382","Female"
882,1,"Employee383","engineer","employee383@example.com",NULL,"Male"
883,1,NULL,NULL,"employee384@example.com","password384","Male"
884,1,NULL,"cabin crew","employee385@example.com","password385","Male"
885,1,"Employee386","cabin crew","employee386@example.com",NULL,"Female"
886,1,NULL,"pilot","employee387@example.com","password387","Female"
887,1,"Employee388","cabin crew",NULL,"password388","Male"
888,1,"Employee389",NULL,"employee389@example.com","password389","Male"
889,1,"Employee390","engineer","employee390@example.com","password390","Female"
890,1,NULL,"engineer","employee391@example.com","password391","Female"
891,1,"Employee392","cabin crew",NULL,"password392","Female"
892,1,NULL,"pilot","employee393@example.com","password393","Male"
893,1,"Employee394","engineer","employee394@example.com","password394","Female"
894,1,"Employee395","cabin crew","employee395@example.com","password395","Female"
895,1,"Employee396","pilot","employee396@example.com",NULL,"Female"
896,1,"Employee397","pilot","employee397@example.com",NULL,"Female"
897,1,"Employee398","pilot","employee398@example.com","password398","Male"
898,1,"Employee399","pilot","employee399@example.com","password399","Male"
899,1,"Employee400","cabin crew","employee400@example.com","password400","Male"
900,1,"Employee401",NULL,"employee401@example.com","password401","Male"
901,1,"Employee402","cabin crew","employee402@example.com","password402","Female"
902,1,NULL,"cabin crew","employee403@example.com","password403","Female"
903,1,"Employee404",NULL,NULL,"password404","Female"
904,1,NULL,"engineer","employee405@example.com","password405","Male"
905,1,NULL,"cabin crew","employee406@example.com","password406","Male"
906,1,"Employee407",NULL,"employee407@example.com","password407","Male"
907,1,"Employee408",NULL,NULL,NULL,"Female"
908,1,"Employee409","engineer",NULL,"password409","Male"
909,1,"Employee410","cabin crew","employee410@example.com","password410","Male"
910,1,"Employee411","cabin crew","employee411@example.com","password411","Male"
911,1,"Employee412","engineer","employee412@example.com","password412","Female"
912,1,"Employee413",NULL,"employee413@example.com",NULL,"Male"
913,1,"Employee414","engineer","employee414@example.com","password414","Male"
914,1,"Employee415","engineer","employee415@example.com","password415","Female"
915,1,"Employee416","pilot",NULL,"password416","Male"
916,1,"Employee417","cabin crew","employee417@example.com","password417","Female"
917,1,"Employee418","pilot",NULL,"password418","Female"
918,1,"Employee419","engineer",NULL,"password419","Male"
919,1,"Employee420","pilot","employee420@example.com","password420","Male"
920,1,"Employee421","engineer","employee421@example.com","password421","Male"
921,1,"Employee422","pilot",NULL,"password422","Female"
922,1,NULL,NULL,"employee423@example.com",NULL,"Female"
923,1,"Employee424",NULL,"employee424@example.com","password424","Male"
924,1,"Employee425","engineer",NULL,NULL,"Male"
925,1,"Employee426","cabin crew","employee426@example.com","password426","Male"
926,1,"Employee427",NULL,"employee427@example.com",NULL,"Male"
927,1,"Employee428",NULL,"employee428@example.com","password428","Male"
928,1,"Employee429","engineer","employee429@example.com",NULL,"Female"
929,1,"Employee430","engineer","employee430@example.com","password430","Male"
930,1,"Employee431","cabin crew","employee431@example.com",NULL,"Male"
931,1,NULL,NULL,NULL,"password432","Male"
932,1,NULL,"engineer","employee433@example.com","password433","Female"
933,1,NULL,"cabin crew",NULL,"password434","Female"
934,1,"Employee435",NULL,"employee435@example.com","password435","Male"
935,1,"Employee436","engineer","employee436@example.com","password436","Female"
936,1,"Employee437","cabin crew","employee437@example.com","password437","Male"
937,1,"Employee438","pilot","employee438@example.com","password438","Male"
938,1,NULL,"engineer","employee439@example.com",NULL,"Female"
939,1,"Employee440","cabin crew","employee440@example.com","password440","Female"
940,1,"Employee441","cabin crew",NULL,"password441","Female"
941,1,NULL,"pilot","employee442@example.com",NULL,"Male"
942,1,NULL,NULL,"employee443@example.com","password443","Female"
943,1,"Employee444","pilot","employee444@example.com","password444","Female"
944,1,"Employee445","pilot","employee445@example.com",NULL,"Male"
945,1,NULL,NULL,NULL,"password446","Female"
946,1,"Employee447","pilot","employee447@example.com","password447","Female"
947,1,"Employee448","engineer",NULL,"password448","Male"
948,1,"Employee449",NULL,"employee449@example.com","password449","Male"
949,1,NULL,"engineer","employee450@example.com","password450","Female"
950,1,NULL,NULL,"employee451@example.com","password451","Female"
951,1,"Employee452","cabin crew","employee452@example.com","password452","Female"
952,1,"Employee453","pilot","employee453@example.com",NULL,"Female"
953,1,NULL,"engineer","employee454@example.com","password454","Male"
954,1,NULL,NULL,NULL,"password455","Male"
955,1,NULL,"cabin crew","employee456@example.com","password456","Male"
956,1,"Employee457",NULL,"employee457@example.com","password457","Male"
957,1,NULL,NULL,"employee458@example.com","password458","Male"
958,1,"Employee459","engineer","employee459@example.com","password459","Male"
959,1,"Employee460","cabin crew","employee460@example.com","password460","Male"
960,1,NULL,"pilot","employee461@example.com",NULL,"Female"
961,1,"Employee462",NULL,"employee462@example.com",NULL,"Female"
962,1,"Employee463","pilot",NULL,"password463","Male"
963,1,"Employee464",NULL,"employee464@example.com","password464","Male"
964,1,"Employee465","cabin crew","employee465@example.com",NULL,"Female"
965,1,"Employee466","cabin crew",NULL,"password466","Female"
966,1,"Employee467","pilot","employee467@example.com","password467","Female"
967,1,"Employee468",NULL,"employee468@example.com","password468","Female"
968,1,"Employee469","cabin crew","employee469@example.com","password469","Female"
969,1,"Employee470","cabin crew",NULL,NULL,"Male"
970,1,NULL,"cabin crew","employee471@example.com","password471","Female"
971,1,"Employee472","cabin crew","employee472@example.com",NULL,"Male"
972,1,NULL,"engineer","employee473@example.com","password473","Female"
973,1,"Employee474",NULL,"employee474@example.com","password474","Male"
974,1,"Employee475",NULL,"employee475@example.com",NULL,"Female"
975,1,"Employee476","pilot","employee476@example.com","password476","Male"
976,1,NULL,"engineer","employee477@example.com","password477","Male"
977,1,"Employee478",NULL,"employee478@example.com","password478","Female"
978,1,"Employee479","cabin crew","employee479@example.com",NULL,"Male"
979,1,"Employee480","cabin crew","employee480@example.com","password480","Male"
980,1,NULL,"pilot","employee481@example.com","password481","Male"
981,1,"Employee482","pilot","employee482@example.com","password482","Female"
982,1,NULL,"pilot",NULL,"password483","Male"
983,1,NULL,NULL,"employee484@example.com","password484","Male"
984,1,"Employee485","pilot","employee485@example.com",NULL,"Female"
985,1,NULL,"cabin crew","employee486@example.com","password486","Male"
986,1,"Employee487",NULL,NULL,"password487","Male"
987,1,"Employee488","cabin crew",NULL,"password488","Male"
988,1,"Employee489",NULL,"employee489@example.com","password489","Female"
989,1,NULL,"pilot","employee490@example.com","password490","Female"
990,1,"Employee491",NULL,NULL,"password491","Female"
991,1,"Employee492",NULL,"employee492@example.com","password492","Male"
992,1,"Employee493","cabin crew","employee493@example.com","password493","Male"
993,1,"Employee494","cabin crew","employee494@example.com","password494","Female"
994,1,"Employee495",NULL,"employee495@example.com",NULL,"Male"
995,1,"Employee496",NULL,NULL,"password496","Female"
996,1,NULL,"engineer","employee497@example.com","password497","Female"
997,1,"Employee498","cabin crew","employee498@example.com","password498","Male"
998,1,"Employee499","cabin crew","employee499@example.com","password499","Male"
999,1,NULL,"pilot",NULL,NULL,"Female"
1000,1,NULL,"cabin crew",NULL,"password501","Female"
1001,1,"Employee502","engineer",NULL,"password502","Female"
1002,1,NULL,"cabin crew",NULL,"password503","Male"
1003,1,"Employee504","cabin crew",NULL,"password504","Female"
1004,1,"Employee505","cabin crew","employee505@example.com","password505","Male"
1005,1,NULL,"engineer",NULL,"password506","Female"
1006,1,NULL,"engineer","employee507@example.com","password507","Female"
1007,1,"Employee508","cabin crew","employee508@example.com","password508","Female"
1008,1,NULL,"cabin crew","employee509@example.com",NULL,"Female"
1009,1,"Employee510","engineer","employee510@example.com",NULL,"Female"
1010,1,"Employee511","cabin crew",NULL,"password511","Female"
1011,1,"Employee512","engineer",NULL,"password512","Male"
1012,1,"Employee513","cabin crew","employee513@example.com","password513","Female"
1013,1,"Employee514","cabin crew","employee514@example.com",NULL,"Female"
1014,1,"Employee515","pilot","employee515@example.com",NULL,"Male"
1015,1,"Employee516","cabin crew",NULL,"password516","Male"
1016,1,"Employee517","cabin crew","employee517@example.com","password517","Male"
1017,1,"Employee518","pilot",NULL,"password518","Male"
1018,1,"Employee519","engineer",NULL,"password519","Female"
1019,1,NULL,"engineer",NULL,"password520","Female"
1020,1,"Employee521","pilot","employee521@example.com","password521","Male"
1021,1,NULL,"engineer","employee522@example.com",NULL,"Male"
1022,1,NULL,NULL,"employee523@example.com","password523","Male"
1023,1,NULL,NULL,NULL,"password524","Female"
1024,1,"Employee525","cabin crew","employee525@example.com","password525","Male"
1025,1,"Employee526","pilot","employee526@example.com","password526","Female"
1026,1,"Employee527","cabin crew","employee527@example.com","password527","Male"
1027,1,"Employee528","cabin crew","employee528@example.com",NULL,"Male"
1028,1,"Employee529","engineer",NULL,NULL,"Male"
1029,1,NULL,"engineer",NULL,"password530","Female"
1030,1,"Employee531",NULL,"employee531@example.com","password531","Male"
1031,1,"Employee532","pilot","employee532@example.com",NULL,"Female"
1032,1,NULL,"engineer","employee533@example.com","password533","Female"
1033,1,"Employee534","cabin crew","employee534@example.com","password534","Female"
1034,1,NULL,NULL,"employee535@example.com","password535","Male"
1035,1,"Employee536",NULL,NULL,"password536","Female"
1036,1,NULL,NULL,"employee537@example.com","password537","Male"
1037,1,"Employee538",NULL,"employee538@example.com","password538","Female"
1038,1,NULL,"engineer",NULL,"password539","Male"
1039,1,"Employee540","cabin crew","employee540@example.com","password540","Female"
1040,1,"Employee541",NULL,"employee541@example.com","password541","Male"
1041,1,"Employee542",NULL,"employee542@example.com","password542","Female"
1042,1,NULL,"cabin crew",NULL,"password543","Female"
1043,1,"Employee544","cabin crew","employee544@example.com","password544","Male"
1044,1,NULL,"cabin crew","employee545@example.com","password545","Female"
1045,1,"Employee546","pilot",NULL,"password546","Male"
1046,1,NULL,"pilot",NULL,"password547","Male"
1047,1,"Employee548",NULL,NULL,"password548","Female"
1048,1,"Employee549","cabin crew","employee549@example.com","password549","Male"
1049,1,"Employee550","engineer","employee550@example.com","password550","Female"
1050,1,"Employee551","engineer",NULL,"password551","Female"
1051,1,NULL,"engineer","employee552@example.com",NULL,"Male"
1052,1,"Employee553","engineer","employee553@example.com","password553","Female"
1053,1,"Employee554","pilot",NULL,NULL,"Male"
1054,1,"Employee555","engineer","employee555@example.com","password555","Male"
1055,1,"Employee556","pilot",NULL,"password556","Female"
1056,1,"Employee557","cabin crew","employee557@example.com","password557","Female"
1057,1,"Employee558","cabin crew","employee558@example.com",NULL,"Female"
1058,1,"Employee559","cabin crew","employee559@example.com","password559","Male"
1059,1,"Employee560","engineer","employee560@example.com","password560","Female"
1060,1,"Employee561","pilot","employee561@example.com",NULL,"Male"
1061,1,"Employee562","pilot","employee562@example.com","password562","Male"
1062,1,"Employee563","cabin crew","employee563@example.com",NULL,"Male"
1063,1,NULL,"engineer",NULL,"password564","Male"
1064,1,"Employee565","pilot","employee565@example.com","password565","Female"
1065,1,"Employee566",NULL,NULL,"password566","Female"
1066,1,"Employee567","engineer","employee567@example.com","password567","Female"
1067,1,NULL,"pilot",NULL,"password568","Female"
1068,1,"Employee569",NULL,NULL,"password569","Male"
1069,1,"Employee570","cabin crew",NULL,"password570","Female"
1070,1,"Employee571",NULL,"employee571@example.com",NULL,"Male"
1071,1,"Employee572","cabin crew",NULL,"password572","Male"
1072,1,NULL,NULL,"employee573@example.com",NULL,"Female"
1073,1,"Employee574","cabin crew","employee574@example.com","password574","Male"
1074,1,"Employee575","cabin crew","employee575@example.com","password575","Male"
1075,1,NULL,"engineer","employee576@example.com","password576","Female"
1076,1,"Employee577",NULL,NULL,"password577","Male"
1077,1,"Employee578","cabin crew","employee578@example.com","password578","Male"
1078,1,NULL,"cabin crew","employee579@example.com","password579","Female"
1079,1,"Employee580",NULL,"employee580@example.com",NULL,"Female"
1080,1,NULL,"engineer","employee581@example.com","password581","Female"
1081,1,"Employee582",NULL,NULL,"password582","Female"
1082,1,NULL,NULL,"employee583@example.com","password583","Male"
1083,1,"Employee584","pilot","employee584@example.com","password584","Male"
1084,1,"Employee585","cabin crew","employee585@example.com","password585","Male"
1085,1,"Employee586",NULL,"employee586@example.com","password586","Male"
1086,1,"Employee587",NULL,"employee587@example.com","password587","Male"
1087,1,NULL,"pilot","employee588@example.com",NULL,"Female"
1088,1,"Employee589","engineer","employee589@example.com","password589","Male"
1089,1,"Employee590","pilot","employee590@example.com","password590","Male"
1090,1,"Employee591","pilot",NULL,NULL,"Female"
1091,1,NULL,"engineer","employee592@example.com",NULL,"Female"
1092,1,NULL,"cabin crew","employee593@example.com","password593","Male"
1093,1,"Employee594","cabin crew","employee594@example.com",NULL,"Male"
1094,1,"Employee595","pilot","employee595@example.com",NULL,"Female"
1095,1,"Employee596","cabin crew","employee596@example.com",NULL,"Female"
1096,1,"Employee597","pilot","employee597@example.com","password597","Male"
1097,1,"Employee598","cabin crew","employee598@example.com","password598","Female"
1098,1,NULL,"cabin crew","employee599@example.com","password599","Male"
1099,1,"Employee600","cabin crew","employee600@example.com","password600","Female"
1100,1,"Employee601","pilot","employee601@example.com",NULL,"Female"
1101,1,"Employee602","cabin crew","employee602@example.com","password602","Male"
1102,1,"Employee603",NULL,"employee603@example.com","password603","Female"
1103,1,"Employee604","engineer","employee604@example.com","password604","Male"
1104,1,NULL,NULL,"employee605@example.com","password605","Female"
1105,1,NULL,"cabin crew","employee606@example.com","password606","Male"
1106,1,"Employee607","cabin crew","employee607@example.com","password607","Male"
1107,1,NULL,NULL,"employee608@example.com",NULL,"Female"
1108,1,"Employee609","pilot","employee609@example.com","password609","Female"
1109,1,"Employee610","engineer","employee610@example.com","password610","Female"
1110,1,"Employee611","cabin crew",NULL,"password611","Male"
1111,1,"Employee612","pilot",NULL,NULL,"Male"
1112,1,"Employee613",NULL,"employee613@example.com",NULL,"Male"
1113,1,NULL,NULL,"employee614@example.com","password614","Male"
1114,1,"Employee615","cabin crew",NULL,NULL,"Male"
1115,1,"Employee616","engineer",NULL,NULL,"Female"
1116,1,NULL,"cabin crew","employee617@example.com","password617","Male"
1117,1,"Employee618","cabin crew","employee618@example.com",NULL,"Female"
1118,1,"Employee619","engineer","employee619@example.com","password619","Male"
1119,1,"Employee620","engineer",NULL,"password620","Female"
1120,1,"Employee621","cabin crew","employee621@example.com","password621","Female"
1121,1,"Employee622",NULL,"employee622@example.com","password622","Female"
1122,1,"Employee623",NULL,"employee623@example.com","password623","Male"
1123,1,NULL,NULL,NULL,"password624","Male"
1124,1,NULL,"pilot",NULL,"password625","Female"
1125,1,"Employee626",NULL,NULL,"password626","Male"
1126,1,NULL,"engineer",NULL,"password627","Male"
1127,1,"Employee628",NULL,"employee628@example.com",NULL,"Female"
1128,1,NULL,"engineer","employee629@example.com","password629","Male"
1130,1,"Employee631","pilot",NULL,NULL,"Male"
1131,1,"Employee632","cabin crew","employee632@example.com",NULL,"Male"
1132,1,"Employee633","engineer","employee633@example.com","password633","Male"
1133,1,"Employee634","cabin crew","employee634@example.com","password634","Female"
1134,1,"Employee635","cabin crew",NULL,"password635","Female"
1135,1,NULL,"cabin crew","employee636@example.com","password636","Female"
1136,1,"Employee637","cabin crew",NULL,"password637","Male"
1137,1,NULL,"pilot","employee638@example.com",NULL,"Female"
1138,1,"Employee639",NULL,"employee639@example.com",NULL,"Female"
1139,1,"Employee640","engineer",NULL,"password640","Female"
1140,1,"Employee641","engineer",NULL,"password641","Female"
1141,1,"Employee642","cabin crew","employee642@example.com",NULL,"Male"
1142,1,NULL,"cabin crew",NULL,NULL,"Female"
1143,1,NULL,"cabin crew",NULL,NULL,"Male"
1144,1,"Employee645","engineer","employee645@example.com",NULL,"Female"
1145,1,"Employee646","pilot","employee646@example.com",NULL,"Female"
1146,1,"Employee647","cabin crew","employee647@example.com","password647","Male"
1147,1,"Employee648","cabin crew","employee648@example.com","password648","Male"
1148,1,"Employee649",NULL,"employee649@example.com","password649","Male"
1149,1,"Employee650",NULL,NULL,"password650","Male"
1150,1,"Employee651","cabin crew","employee651@example.com",NULL,"Male"
1151,1,"Employee652","pilot","employee652@example.com","password652","Male"
1152,1,"Employee653",NULL,"employee653@example.com",NULL,"Female"
1153,1,"Employee654","engineer",NULL,NULL,"Female"
1154,1,"Employee655","cabin crew","employee655@example.com","password655","Female"
1155,1,"Employee656","cabin crew","employee656@example.com",NULL,"Female"
1156,1,NULL,"cabin crew","employee657@example.com","password657","Female"
1157,1,"Employee658",NULL,NULL,"password658","Male"
1158,1,"Employee659","engineer",NULL,"password659","Male"
1159,1,NULL,"pilot",NULL,"password660","Female"
1160,1,"Employee661","engineer",NULL,"password661","Female"
1161,1,"Employee662","engineer","employee662@example.com",NULL,"Male"
1162,1,"Employee663","cabin crew","employee663@example.com","password663","Female"
1163,1,"Employee664","pilot","employee664@example.com","password664","Female"
1164,1,"Employee665","cabin crew","employee665@example.com","password665","Female"
1165,1,"Employee666","cabin crew","employee666@example.com","password666","Female"
1166,1,"Employee667","cabin crew","employee667@example.com","password667","Male"
1167,1,"Employee668","engineer",NULL,"password668","Male"
1168,1,NULL,"cabin crew",NULL,NULL,"Female"
1169,1,"Employee670","cabin crew","employee670@example.com",NULL,"Female"
1170,1,"Employee671","cabin crew","employee671@example.com","password671","Female"
1171,1,"Employee672","cabin crew","employee672@example.com","password672","Male"
1172,1,"Employee673","pilot",NULL,"password673","Male"
1173,1,NULL,NULL,"employee674@example.com","password674","Male"
1174,1,"Employee675","engineer","employee675@example.com","password675","Male"
1175,1,"Employee676","engineer","employee676@example.com","password676","Female"
1176,1,NULL,"cabin crew",NULL,"password677","Female"
1177,1,"Employee678",NULL,"employee678@example.com",NULL,"Male"
1178,1,NULL,"engineer","employee679@example.com","password679","Male"
1179,1,NULL,"cabin crew",NULL,NULL,"Female"
1180,1,"Employee681","pilot","employee681@example.com","password681","Male"
1181,1,NULL,NULL,"employee682@example.com","password682","Male"
1182,1,"Employee683","cabin crew","employee683@example.com",NULL,"Male"
1183,1,"Employee684","cabin crew","employee684@example.com","password684","Female"
1184,1,"Employee685","engineer","employee685@example.com","password685","Male"
1185,1,NULL,NULL,"employee686@example.com","password686","Male"
1186,1,NULL,"pilot","employee687@example.com","password687","Male"
1187,1,"Employee688","pilot",NULL,NULL,"Female"
1188,1,"Employee689",NULL,"employee689@example.com",NULL,"Female"
1189,1,"Employee690",NULL,"employee690@example.com","password690","Male"
1190,1,NULL,"pilot",NULL,NULL,"Female"
1191,1,NULL,"pilot","employee692@example.com","password692","Female"
1192,1,"Employee693","engineer",NULL,"password693","Male"
1193,1,"Employee694","pilot","employee694@example.com","password694","Female"
1194,1,"Employee695","cabin crew","employee695@example.com","password695","Female"
1195,1,"Employee696",NULL,NULL,"password696","Female"
1196,1,"Employee697","engineer","employee697@example.com","password697","Female"
1197,1,NULL,"cabin crew","employee698@example.com",NULL,"Male"
1199,1,"Employee700","pilot","employee700@example.com",NULL,"Female"
1200,1,"Employee701",NULL,NULL,"password701","Male"
1201,1,NULL,"pilot",NULL,"password702","Male"
1202,1,"Employee703",NULL,NULL,"password703","Female"
1203,1,"Employee704","pilot","employee704@example.com",NULL,"Female"
1204,1,NULL,"cabin crew","employee705@example.com",NULL,"Male"
1205,1,"Employee706","cabin crew","employee706@example.com",NULL,"Female"
1206,1,NULL,NULL,"employee707@example.com","password707","Male"
1207,1,"Employee708","pilot","employee708@example.com","password708","Female"
1208,1,"Employee709",NULL,"employee709@example.com",NULL,"Male"
1209,1,"Employee710","engineer",NULL,"password710","Female"
1210,1,"Employee711","pilot",NULL,"password711","Male"
1211,1,NULL,"cabin crew",NULL,"password712","Female"
1212,1,"Employee713","cabin crew","employee713@example.com",NULL,"Female"
1213,1,NULL,NULL,"employee714@example.com","password714","Female"
1214,1,NULL,"engineer","employee715@example.com",NULL,"Male"
1215,1,NULL,"cabin crew",NULL,"password716","Female"
1216,1,"Employee717","engineer","employee717@example.com",NULL,"Male"
1217,1,"Employee718","engineer","employee718@example.com","password718","Female"
1218,1,"Employee719","cabin crew","employee719@example.com",NULL,"Female"
1219,1,"Employee720","cabin crew","employee720@example.com","password720","Female"
1220,1,"Employee721","cabin crew",NULL,NULL,"Female"
1221,1,NULL,"cabin crew","employee722@example.com","password722","Male"
1222,1,"Employee723","engineer","employee723@example.com","password723","Male"
1223,1,NULL,"pilot","employee724@example.com","password724","Female"
1224,1,"Employee725","cabin crew","employee725@example.com","password725","Female"
1225,1,NULL,"cabin crew","employee726@example.com",NULL,"Male"
1226,1,"Employee727","cabin crew","employee727@example.com",NULL,"Male"
1227,1,"Employee728",NULL,"employee728@example.com","password728","Male"
1228,1,"Employee729",NULL,"employee729@example.com","password729","Female"
1229,1,"Employee730","cabin crew","employee730@example.com","password730","Female"
1230,1,"Employee731",NULL,"employee731@example.com","password731","Female"
1231,1,"Employee732","pilot",NULL,NULL,"Female"
1232,1,"Employee733","pilot","employee733@example.com","password733","Male"
1233,1,NULL,"cabin crew","employee734@example.com","password734","Male"
1234,1,"Employee735","cabin crew",NULL,"password735","Female"
1235,1,"Employee736","engineer",NULL,"password736","Female"
1236,1,"Employee737","pilot",NULL,"password737","Female"
1237,1,NULL,"engineer","employee738@example.com",NULL,"Female"
1238,1,"Employee739","engineer","employee739@example.com","password739","Male"
1239,1,"Employee740","cabin crew","employee740@example.com","password740","Female"
1240,1,"Employee741","engineer",NULL,"password741","Female"
1241,1,"Employee742","cabin crew","employee742@example.com","password742","Male"
1242,1,"Employee743","cabin crew",NULL,"password743","Female"
1243,1,"Employee744","pilot","employee744@example.com","password744","Male"
1244,1,"Employee745","engineer",NULL,"password745","Female"
1245,1,"Employee746","engineer","employee746@example.com","password746","Female"
1246,1,"Employee747","cabin crew","employee747@example.com",NULL,"Female"
1247,1,"Employee748","engineer","employee748@example.com","password748","Female"
1248,1,"Employee749","cabin crew","employee749@example.com",NULL,"Male"
1249,1,"Employee750","cabin crew","employee750@example.com","password750","Male"
1250,1,"Employee751",NULL,NULL,"password751","Male"
1251,1,"Employee752",NULL,"employee752@example.com","password752","Female"
1252,1,"Employee753","pilot","employee753@example.com","password753","Female"
1253,1,"Employee754","pilot","employee754@example.com",NULL,"Female"
1254,1,"Employee755",NULL,NULL,"password755","Female"
1255,1,"Employee756",NULL,"employee756@example.com","password756","Female"
1256,1,"Employee757","engineer","employee757@example.com","password757","Female"
1258,1,"Employee759","engineer",NULL,"password759","Male"
1259,1,"Employee760","pilot","employee760@example.com","password760","Female"
1260,1,"Employee761","cabin crew","employee761@example.com","password761","Male"
1261,1,NULL,NULL,"employee762@example.com","password762","Female"
1262,1,NULL,"pilot","employee763@example.com","password763","Female"
1263,1,"Employee764",NULL,NULL,"password764","Female"
1264,1,NULL,"engineer","employee765@example.com",NULL,"Male"
1265,1,"Employee766","cabin crew","employee766@example.com","password766","Female"
1266,1,"Employee767","engineer","employee767@example.com","password767","Female"
1267,1,"Employee768",NULL,"employee768@example.com","password768","Male"
1268,1,NULL,"pilot",NULL,"password769","Female"
1269,1,NULL,"engineer","employee770@example.com",NULL,"Female"
1270,1,"Employee771","engineer","employee771@example.com","password771","Male"
1271,1,"Employee772","engineer","employee772@example.com","password772","Male"
1272,1,"Employee773",NULL,"employee773@example.com","password773","Male"
1273,1,NULL,"pilot","employee774@example.com",NULL,"Female"
1274,1,"Employee775","engineer","employee775@example.com","password775","Female"
1275,1,"Employee776","cabin crew","employee776@example.com","password776","Female"
1276,1,"Employee777","cabin crew","employee777@example.com","password777","Female"
1277,1,NULL,NULL,"employee778@example.com","password778","Male"
1278,1,NULL,"cabin crew",NULL,"password779","Female"
1279,1,"Employee780",NULL,NULL,"password780","Male"
1280,1,NULL,"pilot","employee781@example.com",NULL,"Male"
1281,1,"Employee782",NULL,"employee782@example.com","password782","Female"
1282,1,NULL,"pilot","employee783@example.com","password783","Female"
1283,1,NULL,"cabin crew","employee784@example.com","password784","Male"
1284,1,NULL,"pilot",NULL,"password785","Male"
1285,1,"Employee786","engineer","employee786@example.com","password786","Female"
1286,1,"Employee787","pilot","employee787@example.com","password787","Female"
1287,1,"Employee788","cabin crew","employee788@example.com",NULL,"Male"
1288,1,"Employee789","engineer","employee789@example.com","password789","Male"
1289,1,"Employee790","engineer","employee790@example.com","password790","Female"
1290,1,"Employee791","engineer","employee791@example.com","password791","Female"
1291,1,"Employee792","engineer",NULL,"password792","Male"
1292,1,NULL,"pilot","employee793@example.com",NULL,"Male"
1293,1,NULL,"engineer","employee794@example.com","password794","Female"
1294,1,"Employee795","cabin crew",NULL,"password795","Male"
1295,1,NULL,NULL,"employee796@example.com",NULL,"Male"
1296,1,"Employee797","engineer",NULL,"password797","Female"
1297,1,"Employee798","engineer","employee798@example.com","password798","Male"
1298,1,"Employee799",NULL,"employee799@example.com",NULL,"Male"
1300,1,NULL,"engineer",NULL,NULL,"Female"
1301,1,"Employee802",NULL,NULL,"password802","Female"
1302,1,"Employee803","engineer","employee803@example.com","password803","Male"
1303,1,"Employee804","cabin crew","employee804@example.com","password804","Male"
1304,1,NULL,"cabin crew","employee805@example.com",NULL,"Female"
1305,1,"Employee806","engineer","employee806@example.com","password806","Male"
1306,1,"Employee807","pilot","employee807@example.com","password807","Male"
1307,1,"Employee808",NULL,"employee808@example.com","password808","Female"
1308,1,"Employee809",NULL,NULL,NULL,"Female"
1309,1,"Employee810","engineer","employee810@example.com",NULL,"Female"
1310,1,"Employee811","cabin crew","employee811@example.com","password811","Male"
1311,1,"Employee812","engineer",NULL,NULL,"Female"
1312,1,"Employee813","cabin crew","employee813@example.com","password813","Male"
1313,1,NULL,"engineer","employee814@example.com","password814","Female"
1314,1,"Employee815","cabin crew",NULL,NULL,"Male"
1315,1,"Employee816","engineer","employee816@example.com",NULL,"Female"
1316,1,"Employee817","engineer","employee817@example.com","password817","Female"
1317,1,"Employee818","cabin crew","employee818@example.com",NULL,"Male"
1318,1,"Employee819","pilot","employee819@example.com","password819","Male"
1319,1,"Employee820","engineer","employee820@example.com","password820","Female"
1320,1,"Employee821","cabin crew",NULL,"password821","Female"
1321,1,NULL,"cabin crew","employee822@example.com","password822","Female"
1322,1,"Employee823","engineer",NULL,NULL,"Male"
1323,1,"Employee824",NULL,"employee824@example.com",NULL,"Male"
1324,1,"Employee825","cabin crew","employee825@example.com","password825","Male"
1325,1,NULL,NULL,"employee826@example.com","password826","Female"
1326,1,"Employee827","pilot","employee827@example.com","password827","Male"
1327,1,"Employee828","cabin crew","employee828@example.com","password828","Male"
1328,1,"Employee829",NULL,"employee829@example.com","password829","Male"
1329,1,"Employee830","cabin crew","employee830@example.com","password830","Male"
1330,1,NULL,"cabin crew","employee831@example.com","password831","Female"
1331,1,"Employee832","cabin crew","employee832@example.com","password832","Female"
1332,1,"Employee833","pilot","employee833@example.com",NULL,"Female"
1333,1,"Employee834","engineer","employee834@example.com","password834","Male"
1334,1,"Employee835",NULL,"employee835@example.com",NULL,"Male"
1335,1,"Employee836",NULL,NULL,"password836","Male"
1336,1,"Employee837","pilot","employee837@example.com","password837","Male"
1337,1,NULL,NULL,NULL,"password838","Male"
1338,1,"Employee839","cabin crew",NULL,"password839","Male"
1339,1,"Employee840","engineer",NULL,NULL,"Female"
1340,1,"Employee841","engineer",NULL,NULL,"Male"
1341,1,"Employee842",NULL,"employee842@example.com",NULL,"Male"
1342,1,"Employee843",NULL,"employee843@example.com",NULL,"Male"
1343,1,"Employee844","cabin crew","employee844@example.com","password844","Female"
1344,1,NULL,NULL,NULL,"password845","Male"
1345,1,"Employee846","cabin crew",NULL,NULL,"Female"
1346,1,"Employee847",NULL,"employee847@example.com","password847","Male"
1347,1,"Employee848","cabin crew",NULL,"password848","Female"
1348,1,"Employee849","cabin crew","employee849@example.com","password849","Female"
1349,1,"Employee850","cabin crew","employee850@example.com",NULL,"Male"
1350,1,NULL,"cabin crew",NULL,"password851","Female"
1351,1,"Employee852",NULL,"employee852@example.com","password852","Female"
1352,1,"Employee853","cabin crew",NULL,"password853","Male"
1353,1,NULL,"engineer","employee854@example.com","password854","Male"
1354,1,"Employee855","engineer",NULL,"password855","Male"
1355,1,"Employee856","pilot","employee856@example.com","password856","Female"
1356,1,NULL,"engineer",NULL,"password857","Female"
1357,1,"Employee858","cabin crew",NULL,"password858","Female"
1358,1,"Employee859",NULL,"employee859@example.com","password859","Female"
1359,1,"Employee860","engineer","employee860@example.com",NULL,"Female"
1360,1,"Employee861","engineer","employee861@example.com","password861","Male"
1361,1,"Employee862","engineer","employee862@example.com","password862","Female"
1362,1,"Employee863","engineer","employee863@example.com","password863","Male"
1363,1,NULL,"cabin crew","employee864@example.com","password864","Male"
1364,1,"Employee865","cabin crew","employee865@example.com","password865","Male"
1365,1,"Employee866","pilot","employee866@example.com","password866","Female"
1366,1,"Employee867",NULL,"employee867@example.com",NULL,"Female"
1367,1,"Employee868",NULL,"employee868@example.com",NULL,"Female"
1368,1,"Employee869",NULL,NULL,"password869","Female"
1369,1,"Employee870","cabin crew","employee870@example.com","password870","Male"
1370,1,"Employee871","engineer","employee871@example.com","password871","Female"
1371,1,"Employee872","pilot","employee872@example.com",NULL,"Male"
1372,1,NULL,"pilot","employee873@example.com","password873","Female"
1373,1,"Employee874","engineer","employee874@example.com","password874","Female"
1374,1,"Employee875","pilot","employee875@example.com","password875","Male"
1375,1,"Employee876","engineer","employee876@example.com","password876","Female"
1376,1,"Employee877","pilot",NULL,"password877","Female"
1377,1,"Employee878",NULL,NULL,"password878","Male"
1378,1,NULL,NULL,"employee879@example.com",NULL,"Male"
1379,1,"Employee880","pilot","employee880@example.com",NULL,"Male"
1380,1,"Employee881","cabin crew","employee881@example.com","password881","Male"
1381,1,"Employee882",NULL,"employee882@example.com","password882","Male"
1382,1,"Employee883","engineer","employee883@example.com","password883","Male"
1383,1,"Employee884",NULL,"employee884@example.com",NULL,"Male"
1384,1,NULL,"engineer",NULL,"password885","Male"
1385,1,"Employee886","cabin crew","employee886@example.com","password886","Female"
1386,1,NULL,NULL,"employee887@example.com",NULL,"Female"
1387,1,NULL,"cabin crew",NULL,"password888","Female"
1388,1,"Employee889","pilot","employee889@example.com","password889","Male"
1389,1,"Employee890","cabin crew","employee890@example.com",NULL,"Male"
1390,1,"Employee891","cabin crew",NULL,"password891","Male"
1391,1,NULL,"engineer","employee892@example.com",NULL,"Male"
1392,1,"Employee893","cabin crew","employee893@example.com","password893","Female"
1393,1,"Employee894","cabin crew","employee894@example.com","password894","Female"
1394,1,"Employee895","cabin crew","employee895@example.com","password895","Female"
1395,1,"Employee896","cabin crew","employee896@example.com",NULL,"Female"
1396,1,"Employee897","cabin crew","employee897@example.com","password897","Female"
1397,1,"Employee898","engineer","employee898@example.com","password898","Male"
1398,1,"Employee899","pilot","employee899@example.com","password899","Female"
1399,1,"Employee900","engineer","employee900@example.com",NULL,"Male"
1400,1,"Employee901","engineer","employee901@example.com",NULL,"Male"
1401,1,"Employee902","cabin crew","employee902@example.com","password902","Female"
1402,1,"Employee903","cabin crew","employee903@example.com","password903","Female"
1403,1,"Employee904","cabin crew","employee904@example.com",NULL,"Female"
1404,1,"Employee905",NULL,"employee905@example.com",NULL,"Female"
1405,1,"Employee906",NULL,"employee906@example.com","password906","Male"
1406,1,"Employee907","engineer",NULL,"password907","Female"
1407,1,"Employee908",NULL,"employee908@example.com","password908","Male"
1408,1,"Employee909","pilot",NULL,"password909","Female"
1409,1,"Employee910",NULL,"employee910@example.com","password910","Male"
1410,1,"Employee911","cabin crew","employee911@example.com","password911","Male"
1411,1,"Employee912","pilot","employee912@example.com",NULL,"Female"
1412,1,"Employee913",NULL,"employee913@example.com",NULL,"Female"
1413,1,"Employee914","pilot","employee914@example.com","password914","Female"
1414,1,NULL,NULL,"employee915@example.com","password915","Male"
1415,1,"Employee916","engineer","employee916@example.com","password916","Female"
1417,1,"Employee918",NULL,NULL,"password918","Female"
1418,1,"Employee919","pilot","employee919@example.com",NULL,"Female"
1419,1,"Employee920","pilot","employee920@example.com","password920","Female"
1420,1,"Employee921","cabin crew",NULL,"password921","Male"
1421,1,"Employee922","engineer",NULL,"password922","Male"
1422,1,"Employee923","engineer",NULL,"password923","Male"
1423,1,"Employee924","cabin crew","employee924@example.com",NULL,"Male"
1424,1,"Employee925","pilot","employee925@example.com","password925","Male"
1425,1,"Employee926","cabin crew","employee926@example.com","password926","Male"
1426,1,"Employee927","engineer","employee927@example.com","password927","Female"
1427,1,"Employee928","cabin crew",NULL,NULL,"Male"
1428,1,"Employee929","engineer",NULL,"password929","Female"
1429,1,"Employee930","engineer","employee930@example.com",NULL,"Male"
1430,1,"Employee931",NULL,"employee931@example.com","password931","Female"
1431,1,"Employee932",NULL,"employee932@example.com","password932","Male"
1432,1,"Employee933","engineer","employee933@example.com",NULL,"Male"
1433,1,"Employee934","cabin crew","employee934@example.com","password934","Female"
1434,1,NULL,"engineer","employee935@example.com",NULL,"Female"
1435,1,NULL,NULL,"employee936@example.com","password936","Female"
1436,1,NULL,"cabin crew",NULL,"password937","Female"
1437,1,"Employee938",NULL,"employee938@example.com","password938","Female"
1438,1,"Employee939","pilot",NULL,"password939","Female"
1439,1,"Employee940",NULL,"employee940@example.com","password940","Male"
1440,1,"Employee941","cabin crew","employee941@example.com","password941","Female"
1441,1,"Employee942","pilot","employee942@example.com","password942","Male"
1442,1,NULL,"engineer","employee943@example.com","password943","Female"
1443,1,NULL,"cabin crew","employee944@example.com",NULL,"Female"
1444,1,"Employee945","engineer","employee945@example.com","password945","Female"
1445,1,"Employee946","pilot","employee946@example.com","password946","Female"
1446,1,"Employee947","pilot","employee947@example.com",NULL,"Female"
1447,1,"Employee948",NULL,"employee948@example.com","password948","Male"
1448,1,NULL,"cabin crew","employee949@example.com","password949","Female"
1449,1,"Employee950","cabin crew",NULL,NULL,"Male"
1450,1,NULL,NULL,"employee951@example.com",NULL,"Female"
1451,1,"Employee952",NULL,"employee952@example.com",NULL,"Male"
1452,1,"Employee953","pilot","employee953@example.com","password953","Male"
1453,1,"Employee954","cabin crew","employee954@example.com","password954","Male"
1454,1,"Employee955","pilot","employee955@example.com","password955","Female"
1455,1,"Employee956",NULL,"employee956@example.com",NULL,"Male"
1456,1,"Employee957","pilot","employee957@example.com","password957","Female"
1457,1,"Employee958","cabin crew",NULL,"password958","Female"
1458,1,"Employee959","pilot","employee959@example.com",NULL,"Male"
1459,1,NULL,"pilot","employee960@example.com","password960","Male"
1460,1,NULL,"cabin crew",NULL,NULL,"Male"
1461,1,"Employee962","pilot","employee962@example.com","password962","Male"
1462,1,"Employee963","pilot",NULL,"password963","Female"
1463,1,"Employee964",NULL,"employee964@example.com","password964","Male"
1464,1,"Employee965","cabin crew",NULL,"password965","Female"
1465,1,"Employee966",NULL,NULL,"password966","Male"
1466,1,NULL,NULL,NULL,NULL,"Male"
1467,1,"Employee968",NULL,"employee968@example.com","password968","Male"
1468,1,"Employee969",NULL,NULL,"password969","Male"
1469,1,"Employee970",NULL,NULL,"password970","Female"
1470,1,"Employee971","cabin crew","employee971@example.com","password971","Male"
1471,1,NULL,"engineer","employee972@example.com","password972","Male"
1472,1,"Employee973","pilot","employee973@example.com","password973","Female"
1473,1,"Employee974","engineer","employee974@example.com","password974","Male"
1474,1,"Employee975","cabin crew","employee975@example.com","password975","Female"
1475,1,"Employee976","cabin crew","employee976@example.com",NULL,"Female"
1476,1,"Employee977",NULL,"employee977@example.com","password977","Female"
1477,1,"Employee978","cabin crew","employee978@example.com","password978","Male"
1478,1,"Employee979",NULL,NULL,NULL,"Male"
1479,1,"Employee980","pilot","employee980@example.com","password980","Male"
1480,1,"Employee981","cabin crew",NULL,NULL,"Male"
1481,1,"Employee982",NULL,"employee982@example.com","password982","Male"
1482,1,"Employee983","engineer","employee983@example.com","password983","Male"
1483,1,"Employee984","engineer","employee984@example.com","password984","Male"
1484,1,"Employee985","pilot","employee985@example.com","password985","Female"
1485,1,"Employee986","engineer","employee986@example.com",NULL,"Male"
1486,1,"Employee987","cabin crew","employee987@example.com","password987","Female"
1487,1,"Employee988",NULL,"employee988@example.com","password988","Male"
1488,1,"Employee989","cabin crew",NULL,"password989","Female"
1489,1,"Employee990",NULL,"employee990@example.com","password990","Male"
1490,1,"Employee991","cabin crew","employee991@example.com",NULL,"Female"
1491,1,"Employee992","engineer","employee992@example.com",NULL,"Male"
1492,1,NULL,NULL,"employee993@example.com","password993","Female"
1493,1,NULL,"cabin crew","employee994@example.com",NULL,"Male"
1494,1,"Employee995","engineer","employee995@example.com","password995","Male"
1495,1,"Employee996","pilot","employee996@example.com","password996","Female"
1496,1,"Employee997","pilot","employee997@example.com",NULL,"Female"
1497,1,NULL,"cabin crew","employee998@example.com",NULL,"Male"
1498,1,"Employee999","pilot",NULL,"password999","Female"
1499,1,"Employee1000","pilot","employee1000@example.com",NULL,"Male"
