"schedule_id","aircraft_id","maintenance_type","start_date","end_date","estimated_cost","assigned_engineer_id","status"
103,90,NULL,"2024-03-14",NULL,"5103.00",1313,"Completed"
104,99,"Interior Refurbishment",NULL,"2024-03-16","4578.00",593,NULL
105,94,"Routine Check","2024-03-27","2024-03-02","4719.00",671,"Completed"
106,81,"Engine Overhaul","2024-04-08",NULL,"7512.00",1018,"Pending"
107,70,"Routine Check","2024-03-17","2024-03-08","3988.00",724,"Pending"
108,89,"Interior Refurbishment",NULL,"2024-03-18","2565.00",1333,"Pending"
109,99,"Interior Refurbishment",NULL,"2024-03-26","7019.00",833,NULL
110,94,NULL,NULL,NULL,"9054.00",1196,"Pending"
111,96,"Engine Overhaul","2024-04-05",NULL,"2301.00",622,"Completed"
112,88,"Engine Overhaul",NULL,NULL,"4756.00",874,"Pending"
113,93,"Routine Check","2024-03-03",NULL,NULL,804,"Completed"
114,100,"Engine Overhaul","2024-03-03",NULL,NULL,1400,NULL
115,77,"Routine Check","2024-04-03","2024-03-24",NULL,527,NULL
116,79,"Engine Overhaul","2024-04-14","2024-03-16",NULL,914,"Completed"
117,103,NULL,"2024-03-16","2024-04-10",NULL,1021,"Completed"
118,96,NULL,"2024-03-01","2024-03-27","8234.00",1384,NULL
119,78,"Engine Overhaul","2024-03-11",NULL,"1298.00",664,"Pending"
120,77,"Engine Overhaul",NULL,NULL,NULL,1362,"Completed"
121,85,"Avionics Inspection",NULL,NULL,"2497.00",1442,NULL
122,93,"Engine Overhaul","2024-04-18",NULL,"1314.00",1482,"Completed"
123,102,"Avionics Inspection","2024-03-30",NULL,"5517.00",503,"Completed"
124,78,NULL,NULL,"2024-03-04",NULL,1300,"Pending"
125,96,"Routine Check",NULL,"2024-04-14","1494.00",532,"Completed"
126,72,"Avionics Inspection",NULL,"2024-04-05","6188.00",1160,"Pending"
127,81,"Engine Overhaul",NULL,"2024-04-18","3483.00",633,"Pending"
128,103,NULL,NULL,"2024-03-26",NULL,566,"Completed"
129,70,NULL,NULL,NULL,"3032.00",641,"Pending"
130,70,"Routine Check","2024-04-05","2024-03-15","2501.00",610,"Completed"
131,76,NULL,"2024-04-11",NULL,NULL,918,"Pending"
132,91,"Routine Check",NULL,NULL,NULL,876,"Completed"
133,102,NULL,NULL,"2024-04-15","10766.00",1313,"Pending"
134,72,NULL,"2024-03-09",NULL,"10068.00",1011,NULL
135,95,"Interior Refurbishment",NULL,"2024-03-11","6065.00",575,"Pending"
136,67,"Routine Check",NULL,"2024-04-04","8668.00",1119,NULL
137,102,"Routine Check",NULL,"2024-03-15",NULL,1311,"Completed"
138,97,"Avionics Inspection","2024-03-06",NULL,"9358.00",1175,"Completed"
139,103,"Interior Refurbishment",NULL,NULL,"7965.00",890,"Pending"
140,94,"Avionics Inspection",NULL,NULL,"7035.00",1238,"Pending"
141,91,NULL,"2024-04-18",NULL,"5442.00",767,"Pending"
142,101,NULL,"2024-03-27","2024-03-27",NULL,1494,"Pending"
143,102,"Interior Refurbishment","2024-04-18",NULL,"5033.00",1174,"Completed"
144,95,NULL,"2024-03-22","2024-03-29","1083.00",1005,"Completed"
145,67,"Interior Refurbishment",NULL,"2024-03-14",NULL,1354,"Pending"
146,86,"Routine Check","2024-04-03","2024-04-17","3227.00",741,NULL
147,87,"Routine Check","2024-04-07",NULL,NULL,874,"Completed"
148,80,NULL,NULL,"2024-03-05",NULL,702,NULL
149,103,"Engine Overhaul",NULL,"2024-03-07","1374.00",1009,NULL
150,96,NULL,"2024-04-05","2024-04-06","6664.00",1115,"Completed"
151,95,NULL,NULL,NULL,NULL,610,"Pending"
152,68,NULL,NULL,"2024-04-15","8493.00",1132,"Completed"
153,90,NULL,NULL,NULL,"2181.00",1316,"Pending"
154,87,"Engine Overhaul",NULL,"2024-04-19","1395.00",928,"Completed"
155,100,"Interior Refurbishment","2024-04-16",NULL,"9735.00",718,"Pending"
156,99,NULL,NULL,"2024-03-12","7748.00",1258,"Completed"
157,102,"Avionics Inspection",NULL,"2024-03-15","8549.00",1311,"Pending"
158,99,NULL,"2024-03-08","2024-03-30",NULL,1309,"Completed"
159,97,"Avionics Inspection","2024-03-09",NULL,"7037.00",1269,NULL
160,101,NULL,"2024-03-27","2024-03-27","5395.00",1494,"Completed"
161,71,"Interior Refurbishment",NULL,"2024-03-07","6457.00",503,"Pending"
162,84,NULL,"2024-04-03","2024-03-13",NULL,566,"Completed"
163,97,"Routine Check","2024-03-30",NULL,NULL,802,NULL
164,74,"Routine Check",NULL,"2024-04-03","4808.00",889,"Completed"
165,82,NULL,NULL,"2024-03-01","1154.00",566,"Completed"
166,94,NULL,"2024-03-19","2024-04-11","9206.00",776,"Pending"
167,68,NULL,NULL,"2024-03-27",NULL,928,"Completed"
168,77,"Routine Check",NULL,NULL,NULL,1291,"Completed"
169,95,"Engine Overhaul",NULL,"2024-03-19","8001.00",1049,"Completed"
170,71,"Avionics Inspection","2024-03-27",NULL,"9165.00",908,"Completed"
171,102,"Avionics Inspection","2024-04-06",NULL,"3590.00",1266,"Pending"
172,102,"Avionics Inspection",NULL,"2024-03-07","9619.00",804,"Pending"
173,93,"Avionics Inspection",NULL,NULL,"5522.00",802,"Completed"
174,99,"Engine Overhaul","2024-04-11","2024-03-11",NULL,849,"Pending"
175,71,"Routine Check",NULL,"2024-04-01",NULL,853,"Completed"
176,93,"Avionics Inspection","2024-03-26","2024-04-13","2381.00",1356,"Pending"
177,91,"Engine Overhaul","2024-03-20","2024-03-06","2968.00",958,"Completed"
178,84,"Avionics Inspection","2024-03-09","2024-04-16","4729.00",1442,"Completed"
179,96,"Avionics Inspection","2024-03-28","2024-03-22","9677.00",1001,"Completed"
180,79,NULL,NULL,NULL,NULL,972,"Completed"
181,101,"Engine Overhaul","2024-04-01",NULL,NULL,1052,"Completed"
182,87,"Avionics Inspection",NULL,"2024-03-20","2971.00",823,"Completed"
183,68,"Engine Overhaul","2024-04-11",NULL,"7221.00",938,"Pending"
184,99,"Avionics Inspection",NULL,"2024-04-07","3269.00",1235,"Completed"
185,78,"Avionics Inspection",NULL,"2024-03-26","1952.00",667,"Pending"
186,83,"Routine Check","2024-04-12",NULL,"8989.00",1384,"Pending"
187,67,NULL,"2024-03-01","2024-03-01","7790.00",804,"Completed"
188,94,"Routine Check",NULL,"2024-03-07",NULL,1309,"Completed"
189,94,"Avionics Inspection","2024-03-26","2024-03-05",NULL,1483,NULL
190,73,"Avionics Inspection","2024-03-28","2024-03-17","9726.00",890,NULL
191,85,"Interior Refurbishment","2024-03-19","2024-03-29","8437.00",849,"Pending"
192,78,"Interior Refurbishment",NULL,NULL,NULL,1354,NULL
193,90,"Routine Check",NULL,"2024-03-09","3155.00",924,"Pending"
194,82,"Routine Check","2024-04-08","2024-03-09","10083.00",724,"Completed"
195,100,"Interior Refurbishment",NULL,"2024-03-03","10634.00",1382,"Completed"
196,74,"Routine Check",NULL,NULL,"4369.00",1128,"Completed"
197,74,NULL,NULL,"2024-03-16","10215.00",1297,"Pending"
198,86,"Avionics Inspection",NULL,"2024-03-23","4436.00",1482,NULL
199,103,"Avionics Inspection",NULL,"2024-03-21","9680.00",1384,"Completed"
200,69,"Interior Refurbishment",NULL,NULL,"9872.00",918,"Completed"
201,68,"Routine Check","2024-04-15",NULL,NULL,1399,"Pending"
202,75,"Routine Check",NULL,"2024-04-07","1948.00",1175,"Completed"
203,73,"Avionics Inspection",NULL,NULL,NULL,1167,"Completed"
204,71,"Engine Overhaul","2024-04-20","2024-04-01","6299.00",853,"Completed"
205,99,"Engine Overhaul",NULL,"2024-03-19",NULL,876,"Pending"
206,77,"Interior Refurbishment",NULL,NULL,NULL,947,"Completed"
207,80,NULL,"2024-03-21","2024-03-17","9031.00",1052,"Completed"
208,68,"Routine Check","2024-03-10",NULL,"5450.00",1333,"Completed"
209,75,"Interior Refurbishment",NULL,"2024-04-08","3461.00",889,"Pending"
210,96,"Routine Check",NULL,"2024-03-24","3965.00",1029,"Pending"
211,67,"Interior Refurbishment","2024-04-20","2024-04-01","9058.00",639,NULL
212,73,NULL,NULL,NULL,"10412.00",511,NULL
213,88,"Interior Refurbishment","2024-03-03",NULL,NULL,593,NULL
214,76,NULL,"2024-03-07","2024-03-06",NULL,667,"Pending"
215,80,"Engine Overhaul","2024-04-05",NULL,NULL,866,"Pending"
216,74,"Interior Refurbishment",NULL,NULL,"3620.00",1063,"Pending"
217,89,NULL,"2024-04-02","2024-03-18","1240.00",1333,"Completed"
218,76,"Routine Check",NULL,"2024-03-29","7821.00",671,"Pending"
219,91,NULL,"2024-03-20","2024-03-06","1210.00",958,"Completed"
220,96,"Avionics Inspection","2024-04-13","2024-04-05",NULL,1103,"Completed"
221,73,NULL,NULL,"2024-03-24","6043.00",1222,"Completed"
222,95,NULL,NULL,NULL,"8087.00",575,"Pending"
223,68,NULL,NULL,"2024-04-05",NULL,1359,"Completed"
224,101,"Engine Overhaul",NULL,"2024-04-12","4890.00",510,"Completed"
225,71,"Routine Check","2024-03-16","2024-03-14","9602.00",771,"Pending"
226,103,NULL,NULL,"2024-04-08",NULL,724,"Completed"
227,100,"Engine Overhaul","2024-04-02",NULL,"4298.00",672,"Completed"
228,78,"Engine Overhaul","2024-04-15","2024-04-17","8642.00",893,"Completed"
229,71,"Interior Refurbishment",NULL,"2024-04-01","2941.00",503,"Completed"
230,79,"Engine Overhaul",NULL,"2024-03-23","3661.00",1315,NULL
231,70,"Avionics Inspection","2024-03-14","2024-03-14",NULL,698,"Completed"
232,81,NULL,"2024-04-17","2024-04-16","10584.00",1319,"Pending"
233,82,"Interior Refurbishment",NULL,"2024-03-07",NULL,1009,NULL
234,82,"Interior Refurbishment",NULL,NULL,"6144.00",890,"Pending"
235,71,"Routine Check",NULL,NULL,"2429.00",932,"Pending"
236,83,"Avionics Inspection","2024-04-08","2024-04-20","4726.00",772,"Completed"
237,96,"Interior Refurbishment","2024-04-05",NULL,"6242.00",622,"Pending"
238,88,NULL,NULL,NULL,NULL,1245,NULL
239,102,"Routine Check",NULL,"2024-03-30","2905.00",1266,NULL
240,97,"Engine Overhaul","2024-03-18",NULL,NULL,1196,"Completed"
241,82,"Avionics Inspection",NULL,NULL,"8676.00",739,NULL
242,69,"Avionics Inspection",NULL,"2024-04-14","4549.00",1256,NULL
243,84,"Routine Check","2024-03-21","2024-04-01","9935.00",1494,"Pending"
244,96,"Interior Refurbishment","2024-03-20","2024-03-10",NULL,529,"Completed"
245,81,"Avionics Inspection",NULL,"2024-04-18","10854.00",633,NULL
246,90,"Avionics Inspection","2024-04-05","2024-03-11",NULL,949,"Pending"
247,86,"Routine Check","2024-03-10","2024-04-17","4949.00",1167,NULL
248,88,"Avionics Inspection",NULL,"2024-03-24","7334.00",724,"Completed"
249,72,"Routine Check","2024-03-26","2024-04-19","6904.00",889,"Completed"
250,101,NULL,NULL,"2024-03-05","10828.00",1245,"Completed"
251,75,"Interior Refurbishment","2024-03-29",NULL,"2095.00",1028,"Pending"
252,85,NULL,"2024-04-01",NULL,"7218.00",1415,"Completed"
253,77,NULL,"2024-03-08","2024-03-29",NULL,1339,NULL
254,79,"Routine Check",NULL,NULL,NULL,1309,NULL
255,86,"Routine Check","2024-04-07","2024-03-18","7033.00",622,"Completed"
256,90,NULL,NULL,"2024-03-29",NULL,1052,"Pending"
257,85,"Avionics Inspection","2024-03-15","2024-03-31","1552.00",1088,NULL
258,91,NULL,"2024-04-06",NULL,NULL,804,NULL
259,75,"Interior Refurbishment","2024-03-29",NULL,"9273.00",1028,"Pending"
260,74,"Engine Overhaul",NULL,"2024-04-03","7331.00",889,"Completed"
261,77,"Engine Overhaul","2024-03-21",NULL,"4964.00",1091,"Completed"
262,76,"Routine Check","2024-03-23","2024-04-11","8138.00",505,"Completed"
263,71,NULL,"2024-03-03",NULL,"2019.00",813,"Pending"
264,72,"Engine Overhaul",NULL,"2024-03-21","9529.00",1178,NULL
265,76,"Avionics Inspection","2024-04-08","2024-03-13","6309.00",890,"Pending"
266,88,NULL,"2024-04-05","2024-04-15","1240.00",624,"Pending"
267,86,NULL,"2024-03-30","2024-03-22",NULL,667,NULL
268,71,"Interior Refurbishment",NULL,"2024-04-13",NULL,1316,NULL
269,84,NULL,NULL,"2024-03-31","1299.00",889,"Pending"
270,90,"Engine Overhaul","2024-04-19","2024-04-10",NULL,1274,"Pending"
271,98,"Routine Check",NULL,NULL,"9136.00",1359,NULL
272,102,"Avionics Inspection","2024-04-02",NULL,NULL,632,"Pending"
273,96,"Interior Refurbishment","2024-03-01","2024-03-27","8487.00",1384,"Completed"
274,77,"Engine Overhaul","2024-03-08","2024-03-29","10505.00",1339,"Pending"
275,93,"Avionics Inspection",NULL,"2024-03-29","6350.00",932,"Completed"
276,94,NULL,"2024-03-10",NULL,"9842.00",1442,"Completed"
277,74,"Avionics Inspection",NULL,"2024-03-21","3289.00",1063,NULL
278,86,"Routine Check","2024-04-04","2024-04-05",NULL,838,"Pending"
279,89,NULL,NULL,NULL,NULL,532,"Completed"
280,90,"Engine Overhaul",NULL,"2024-04-03","10546.00",924,"Pending"
281,101,"Interior Refurbishment","2024-03-31",NULL,"1447.00",953,"Completed"
282,67,NULL,"2024-03-21",NULL,NULL,949,"Pending"
283,67,NULL,NULL,NULL,"5857.00",1373,"Completed"
284,77,"Engine Overhaul",NULL,"2024-03-01","10579.00",1432,"Completed"
285,75,NULL,"2024-03-18",NULL,"1912.00",1289,NULL
286,75,"Engine Overhaul",NULL,"2024-03-06",NULL,1361,"Pending"
287,81,"Engine Overhaul",NULL,"2024-03-10","5546.00",1128,"Pending"
288,75,"Engine Overhaul",NULL,"2024-03-10","5773.00",1038,"Completed"
289,97,"Engine Overhaul","2024-03-18","2024-03-27","7573.00",1196,"Completed"
290,90,"Routine Check",NULL,NULL,"1289.00",1491,NULL
291,100,"Avionics Inspection","2024-03-01","2024-03-09",NULL,852,"Pending"
292,95,"Routine Check","2024-03-24",NULL,"5620.00",1426,NULL
293,90,"Avionics Inspection",NULL,NULL,"2689.00",696,"Completed"
294,72,"Routine Check","2024-04-10",NULL,NULL,920,NULL
295,71,"Interior Refurbishment","2024-04-10","2024-03-29","5284.00",1483,"Completed"
296,93,"Avionics Inspection",NULL,"2024-03-29",NULL,1119,NULL
297,82,"Routine Check",NULL,NULL,"5716.00",665,"Completed"
298,88,NULL,NULL,NULL,"9643.00",1391,"Pending"
299,77,"Engine Overhaul","2024-04-11","2024-04-20","5138.00",1051,"Completed"
300,74,"Engine Overhaul","2024-04-21",NULL,"7242.00",1128,NULL
301,69,"Interior Refurbishment","2024-03-18",NULL,NULL,1370,"Pending"
302,67,"Engine Overhaul","2024-03-21","2024-03-17",NULL,949,"Pending"
303,85,"Routine Check",NULL,"2024-04-13",NULL,1059,"Completed"
304,82,NULL,"2024-03-14","2024-03-24","6722.00",1032,NULL
305,89,"Routine Check","2024-04-02","2024-03-18","9899.00",1333,NULL
306,94,"Avionics Inspection","2024-03-24","2024-04-08","6316.00",1322,NULL
307,91,NULL,NULL,NULL,"8735.00",1356,"Pending"
308,98,"Interior Refurbishment",NULL,"2024-03-12","1243.00",1274,"Completed"
309,88,"Avionics Inspection",NULL,NULL,"3728.00",996,NULL
310,77,NULL,NULL,"2024-03-01","3334.00",1432,"Completed"
311,90,NULL,"2024-04-19",NULL,"8674.00",1274,"Pending"
312,93,"Engine Overhaul","2024-03-05","2024-03-21","3171.00",535,"Pending"
313,101,"Avionics Inspection",NULL,"2024-04-13","1888.00",924,"Completed"
314,71,NULL,"2024-03-16","2024-03-14","9826.00",771,"Pending"
315,69,NULL,NULL,"2024-03-29",NULL,976,NULL
316,82,"Avionics Inspection",NULL,"2024-03-01","1004.00",566,"Completed"
317,78,"Engine Overhaul","2024-03-08","2024-03-26","1732.00",667,NULL
318,87,"Avionics Inspection",NULL,NULL,"1448.00",1429,"Pending"
319,69,"Avionics Inspection","2024-03-31","2024-03-29",NULL,1001,"Completed"
320,81,NULL,"2024-04-20","2024-03-12","2138.00",1305,"Pending"
321,86,NULL,NULL,"2024-04-17",NULL,741,NULL
322,102,"Interior Refurbishment","2024-03-18",NULL,"3419.00",935,"Completed"
323,76,NULL,NULL,NULL,"2498.00",1019,"Completed"
324,93,"Avionics Inspection","2024-04-05",NULL,"9228.00",746,NULL
325,72,"Engine Overhaul",NULL,NULL,NULL,947,"Completed"
326,92,"Engine Overhaul",NULL,NULL,"9883.00",1240,"Pending"
327,92,"Engine Overhaul",NULL,"2024-03-29","4877.00",1382,"Pending"
328,102,NULL,"2024-04-11",NULL,"9504.00",672,"Completed"
329,101,NULL,"2024-04-07",NULL,"7695.00",1429,"Pending"
330,75,NULL,"2024-03-24","2024-04-19","9513.00",641,NULL
331,77,"Avionics Inspection",NULL,"2024-03-30","3922.00",1158,"Completed"
332,94,"Interior Refurbishment","2024-03-20",NULL,"2933.00",1311,"Pending"
333,72,"Routine Check",NULL,"2024-04-17",NULL,667,"Completed"
334,96,"Interior Refurbishment",NULL,"2024-03-10","4030.00",529,"Pending"
335,78,NULL,NULL,"2024-04-13","8232.00",1426,"Completed"
336,91,"Avionics Inspection","2024-03-24",NULL,"6953.00",724,NULL
337,77,"Avionics Inspection",NULL,"2024-03-21","4993.00",839,"Completed"
338,68,NULL,"2024-03-28","2024-04-14","10742.00",565,"Pending"
339,96,NULL,NULL,NULL,NULL,839,"Pending"
340,70,NULL,NULL,"2024-03-16","1825.00",929,"Pending"
341,68,NULL,"2024-04-15","2024-03-26","9845.00",1178,NULL
342,95,"Routine Check","2024-03-24",NULL,"4257.00",1426,NULL
343,75,"Routine Check","2024-03-11",NULL,"6074.00",718,"Completed"
344,98,"Engine Overhaul","2024-03-17",NULL,"8164.00",1353,"Pending"
345,75,"Routine Check",NULL,NULL,NULL,1192,"Pending"
346,80,NULL,"2024-03-26",NULL,"7689.00",813,"Completed"
347,75,"Routine Check","2024-03-09",NULL,"5899.00",772,NULL
348,87,"Engine Overhaul","2024-03-14","2024-03-24",NULL,1290,"Completed"
349,90,"Interior Refurbishment",NULL,"2024-03-10","8293.00",1361,"Completed"
350,98,"Engine Overhaul",NULL,"2024-03-01",NULL,1359,"Pending"
351,100,NULL,"2024-04-02",NULL,"3004.00",672,"Completed"
352,102,"Avionics Inspection",NULL,"2024-03-26","2072.00",972,NULL
353,79,"Avionics Inspection",NULL,"2024-04-09",NULL,1109,"Completed"
354,83,NULL,"2024-03-20","2024-03-27","1092.00",839,"Completed"
355,88,"Routine Check","2024-03-20","2024-03-10","8724.00",1360,"Pending"
356,101,"Engine Overhaul","2024-04-03",NULL,NULL,1434,"Completed"
357,78,NULL,"2024-03-16","2024-04-10",NULL,575,"Completed"
358,80,NULL,"2024-03-24","2024-03-08","8102.00",1322,"Completed"
359,69,"Routine Check",NULL,NULL,"1552.00",1118,"Completed"
360,69,"Engine Overhaul","2024-03-02",NULL,NULL,1247,NULL
361,90,NULL,NULL,NULL,NULL,820,"Pending"
362,84,NULL,"2024-03-22","2024-04-16","5175.00",1271,"Pending"
363,70,NULL,"2024-03-07","2024-03-24","7343.00",844,"Pending"
364,68,NULL,"2024-03-04",NULL,"6432.00",882,"Completed"
365,67,NULL,NULL,NULL,"4995.00",1354,"Completed"
366,78,"Interior Refurbishment",NULL,NULL,"1070.00",938,"Completed"
367,88,"Routine Check","2024-03-01","2024-04-15","6023.00",722,"Pending"
368,96,"Engine Overhaul","2024-03-20","2024-03-10","10402.00",529,"Pending"
369,84,"Routine Check","2024-03-19",NULL,NULL,698,"Completed"
370,103,"Avionics Inspection","2024-04-10","2024-04-17",NULL,932,"Pending"
371,100,"Engine Overhaul",NULL,NULL,NULL,1406,"Completed"
372,97,"Avionics Inspection","2024-04-06","2024-04-12",NULL,1139,"Completed"
373,84,NULL,NULL,NULL,"10735.00",928,"Pending"
374,76,"Avionics Inspection","2024-04-11","2024-03-18","7015.00",918,"Completed"
375,74,"Avionics Inspection",NULL,NULL,NULL,540,"Completed"
376,98,NULL,NULL,NULL,"5609.00",1160,"Completed"
377,97,"Avionics Inspection","2024-04-03","2024-04-02","5255.00",624,NULL
378,100,"Routine Check","2024-04-04",NULL,"5943.00",1382,NULL
379,94,NULL,"2024-03-06","2024-04-06","2108.00",839,NULL
380,92,NULL,"2024-04-21",NULL,"9012.00",1384,"Pending"
381,71,NULL,"2024-04-10","2024-03-29","5482.00",1483,NULL
382,83,"Avionics Inspection","2024-03-21",NULL,"9701.00",813,"Completed"
383,82,NULL,NULL,"2024-04-19","8123.00",1144,"Pending"
384,67,"Routine Check",NULL,NULL,NULL,722,"Completed"
385,72,"Engine Overhaul","2024-04-01",NULL,"10283.00",1370,"Completed"
386,93,"Avionics Inspection",NULL,"2024-04-19","9946.00",671,"Completed"
387,70,"Engine Overhaul",NULL,"2024-03-18","8125.00",1313,"Completed"
388,93,"Avionics Inspection","2024-03-18","2024-04-17",NULL,665,"Pending"
389,83,"Routine Check",NULL,NULL,NULL,1178,"Pending"
390,68,"Engine Overhaul","2024-03-12","2024-03-07",NULL,1080,"Completed"
391,80,"Engine Overhaul","2024-04-18","2024-04-07",NULL,1051,"Completed"
392,101,"Avionics Inspection","2024-04-09","2024-03-01",NULL,772,"Completed"
393,85,"Interior Refurbishment","2024-04-19",NULL,"8848.00",1483,NULL
394,97,"Interior Refurbishment",NULL,NULL,"6814.00",1128,NULL
395,99,NULL,NULL,"2024-03-04",NULL,1442,"Pending"
396,103,NULL,NULL,NULL,NULL,1161,"Completed"
397,71,NULL,"2024-03-27","2024-03-12","10602.00",908,"Pending"
398,101,"Avionics Inspection",NULL,"2024-03-05","10365.00",1245,"Completed"
399,98,"Engine Overhaul","2024-03-07","2024-03-29","7442.00",1217,"Completed"
400,83,"Routine Check",NULL,NULL,NULL,836,NULL
401,94,"Interior Refurbishment",NULL,"2024-03-24",NULL,1422,"Completed"
402,70,"Engine Overhaul","2024-04-08","2024-03-03","6424.00",811,"Pending"
403,97,"Avionics Inspection","2024-03-04","2024-04-07","5417.00",1297,"Completed"
404,80,NULL,NULL,"2024-04-08",NULL,1289,"Pending"
405,95,NULL,"2024-04-01",NULL,"5569.00",838,"Completed"
406,97,NULL,"2024-03-30",NULL,NULL,802,"Pending"
407,78,"Engine Overhaul","2024-03-28","2024-04-15","3971.00",1339,"Pending"
408,73,NULL,"2024-03-03","2024-03-12","6416.00",1382,NULL
409,79,"Avionics Inspection",NULL,NULL,"6623.00",1315,NULL
410,94,"Routine Check","2024-03-19",NULL,"6133.00",1333,"Completed"
411,71,"Avionics Inspection",NULL,"2024-03-27",NULL,722,"Completed"
412,87,NULL,NULL,"2024-04-16","6128.00",1192,"Completed"
413,79,"Routine Check","2024-04-13",NULL,NULL,1054,"Completed"
414,99,NULL,NULL,NULL,"10523.00",1442,NULL
415,93,NULL,NULL,"2024-03-29",NULL,1119,"Completed"
416,89,"Avionics Inspection","2024-03-25",NULL,"5505.00",1290,"Pending"
417,95,"Engine Overhaul","2024-04-04","2024-04-18",NULL,859,"Completed"
418,90,"Routine Check","2024-04-11","2024-03-31","2251.00",1028,"Completed"
419,92,NULL,"2024-04-05","2024-04-01","3288.00",1362,"Completed"
420,69,"Avionics Inspection",NULL,"2024-04-05",NULL,1247,"Pending"
421,92,"Avionics Inspection",NULL,"2024-03-21","10603.00",1217,"Pending"
422,100,NULL,NULL,NULL,"5020.00",1399,"Pending"
423,95,"Routine Check","2024-03-22",NULL,NULL,1291,NULL
424,100,"Interior Refurbishment","2024-03-25","2024-04-13","9004.00",622,NULL
425,85,"Engine Overhaul",NULL,"2024-03-16",NULL,771,"Pending"
426,75,"Interior Refurbishment","2024-03-09","2024-04-01","10828.00",660,"Completed"
427,96,NULL,"2024-03-20",NULL,"10014.00",529,"Pending"
428,67,NULL,NULL,"2024-03-03","7755.00",722,"Completed"
429,69,"Engine Overhaul",NULL,"2024-03-20","7709.00",1494,NULL
430,84,"Routine Check","2024-03-21",NULL,NULL,1494,"Pending"
431,99,"Interior Refurbishment","2024-03-27","2024-03-16",NULL,593,"Completed"
432,85,"Routine Check","2024-03-19","2024-03-29","4886.00",849,"Pending"
433,91,"Interior Refurbishment","2024-04-18",NULL,NULL,767,"Completed"
434,79,NULL,"2024-03-29","2024-03-16","4737.00",739,"Pending"
435,84,NULL,"2024-04-18","2024-04-20","9587.00",1063,"Completed"
436,76,"Avionics Inspection","2024-03-16",NULL,"10559.00",505,"Pending"
437,101,"Interior Refurbishment",NULL,"2024-03-02",NULL,1066,"Pending"
438,77,"Avionics Inspection","2024-03-18","2024-03-24","3192.00",641,"Pending"
439,88,"Engine Overhaul",NULL,NULL,"9289.00",724,"Completed"
440,69,NULL,NULL,"2024-04-16","8875.00",633,"Pending"
441,71,"Engine Overhaul","2024-04-10","2024-03-29","1549.00",1483,NULL
442,102,"Engine Overhaul",NULL,NULL,"7808.00",510,NULL
443,80,"Interior Refurbishment",NULL,"2024-03-21","6340.00",932,"Completed"
444,73,"Interior Refurbishment",NULL,"2024-03-31",NULL,1001,NULL
445,78,"Interior Refurbishment",NULL,"2024-03-04","4336.00",1300,NULL
446,93,"Avionics Inspection","2024-04-05",NULL,"10589.00",746,"Pending"
447,79,"Routine Check","2024-03-09",NULL,"6453.00",1109,"Pending"
448,79,"Avionics Inspection",NULL,"2024-03-31",NULL,1209,"Completed"
449,93,NULL,NULL,"2024-03-16","6776.00",1005,"Completed"
450,79,"Avionics Inspection","2024-04-02","2024-04-03",NULL,535,NULL
451,70,"Avionics Inspection",NULL,NULL,NULL,849,"Pending"
452,84,"Avionics Inspection","2024-03-22","2024-04-16",NULL,1271,NULL
453,68,"Interior Refurbishment","2024-04-14","2024-04-06",NULL,1494,NULL
454,89,"Engine Overhaul",NULL,"2024-04-03","1114.00",781,NULL
455,99,NULL,NULL,NULL,"3322.00",802,NULL
456,89,NULL,NULL,NULL,"9436.00",781,"Pending"
457,85,"Routine Check","2024-04-19",NULL,"7436.00",1483,"Pending"
458,87,NULL,NULL,"2024-03-26","8935.00",1006,"Pending"
459,73,"Engine Overhaul","2024-03-03",NULL,"2606.00",1382,"Pending"
460,101,NULL,"2024-04-08","2024-04-12","8583.00",696,NULL
461,88,"Interior Refurbishment",NULL,"2024-04-07","8925.00",767,"Pending"
462,74,"Avionics Inspection","2024-03-19",NULL,NULL,870,NULL
463,98,NULL,NULL,"2024-03-25","9527.00",849,"Pending"
464,93,"Interior Refurbishment","2024-03-30",NULL,"1299.00",802,NULL
465,69,"Avionics Inspection","2024-03-22","2024-04-16","10072.00",633,"Completed"
466,91,NULL,"2024-04-18",NULL,"4869.00",767,NULL
467,86,NULL,NULL,"2024-03-01","7532.00",1429,NULL
468,99,NULL,"2024-04-02","2024-03-19","1795.00",876,NULL
469,94,"Engine Overhaul","2024-03-20","2024-04-14",NULL,1311,"Completed"
470,81,NULL,"2024-04-20","2024-03-12",NULL,1305,"Pending"
471,75,"Avionics Inspection","2024-04-17","2024-03-02","10498.00",1434,NULL
472,81,"Engine Overhaul",NULL,"2024-03-16","7814.00",1196,"Completed"
473,84,"Interior Refurbishment","2024-04-19","2024-03-28","1371.00",1140,"Completed"
474,97,"Avionics Inspection","2024-04-04","2024-04-12","2507.00",1052,"Pending"
475,98,"Avionics Inspection",NULL,NULL,"1735.00",589,NULL
476,72,"Avionics Inspection","2024-03-06","2024-03-21",NULL,1178,"Pending"
477,84,"Avionics Inspection",NULL,"2024-03-28","1539.00",1140,"Pending"
478,82,"Engine Overhaul",NULL,"2024-04-14","4658.00",1066,"Completed"
479,70,NULL,"2024-03-17","2024-03-08",NULL,724,"Pending"
480,86,NULL,"2024-03-29",NULL,"10587.00",1088,"Pending"
481,97,NULL,"2024-04-02",NULL,"1551.00",882,"Completed"
482,89,NULL,NULL,NULL,"6095.00",1354,"Completed"
483,67,NULL,"2024-03-24",NULL,"4088.00",1238,"Completed"
484,79,"Interior Refurbishment","2024-04-09","2024-03-15","6456.00",505,"Completed"
485,101,NULL,NULL,"2024-03-25",NULL,1288,"Pending"
486,101,"Routine Check",NULL,NULL,"6951.00",696,NULL
487,80,NULL,"2024-04-14","2024-03-25","4832.00",813,"Pending"
488,96,NULL,"2024-04-14",NULL,NULL,1400,NULL
489,76,NULL,"2024-03-07","2024-03-06","8313.00",667,"Completed"
490,76,NULL,"2024-03-23","2024-04-11","2864.00",505,"Completed"
491,68,"Interior Refurbishment",NULL,NULL,"6262.00",1059,"Completed"
492,82,"Avionics Inspection","2024-04-05",NULL,"4779.00",739,"Pending"
493,73,"Avionics Inspection","2024-03-01",NULL,"10208.00",1184,NULL
494,89,"Engine Overhaul","2024-04-07","2024-03-02","10944.00",838,NULL
495,69,"Interior Refurbishment",NULL,NULL,"7539.00",876,"Pending"
496,94,NULL,NULL,"2024-03-19","9917.00",1238,"Pending"
497,79,NULL,NULL,"2024-04-19","5194.00",1075,"Pending"
498,83,NULL,"2024-03-30","2024-03-10","3526.00",1161,"Completed"
499,89,"Avionics Inspection",NULL,"2024-04-03","6622.00",781,"Pending"
500,88,"Interior Refurbishment",NULL,"2024-03-08","2757.00",565,NULL
501,96,"Routine Check",NULL,"2024-03-24","3403.00",1029,"Pending"
502,74,"Routine Check","2024-04-17","2024-03-29","4639.00",566,"Completed"
503,86,"Routine Check","2024-04-06","2024-04-04","5023.00",633,"Pending"
504,84,NULL,"2024-04-19",NULL,"1368.00",1140,"Completed"
505,100,NULL,NULL,"2024-04-20","2938.00",911,"Completed"
506,102,NULL,"2024-04-09",NULL,"3598.00",1018,NULL
507,80,"Routine Check",NULL,"2024-03-27",NULL,554,"Completed"
508,84,"Avionics Inspection",NULL,"2024-03-31","2366.00",889,"Pending"
509,78,"Routine Check","2024-03-09","2024-04-19","9168.00",976,NULL
510,76,"Interior Refurbishment","2024-04-04","2024-04-08","9366.00",1373,"Pending"
511,86,"Engine Overhaul","2024-04-08","2024-03-20",NULL,1285,NULL
512,87,"Interior Refurbishment","2024-04-20","2024-04-08","4539.00",1428,NULL
513,67,NULL,NULL,"2024-03-31","8375.00",1238,NULL
514,93,"Routine Check","2024-03-03",NULL,"3286.00",804,"Pending"
515,77,NULL,"2024-04-18",NULL,"3509.00",1059,"Pending"
516,88,"Engine Overhaul","2024-03-17","2024-04-07","10381.00",767,NULL
517,78,"Interior Refurbishment","2024-03-23","2024-03-15","7560.00",599,"Pending"
518,102,NULL,"2024-03-15","2024-04-05","9693.00",938,"Completed"
519,98,"Engine Overhaul",NULL,"2024-03-23",NULL,1075,"Completed"
520,74,"Routine Check","2024-03-20","2024-03-22","5431.00",1018,"Completed"
521,79,"Routine Check","2024-04-04",NULL,"9570.00",589,NULL
522,100,"Interior Refurbishment","2024-03-31",NULL,"5528.00",740,NULL
523,83,"Routine Check","2024-04-15","2024-03-26","9089.00",1356,"Completed"
524,88,"Interior Refurbishment","2024-03-20",NULL,"7418.00",1360,"Completed"
525,84,"Engine Overhaul","2024-04-19","2024-03-28",NULL,1140,"Completed"
526,100,NULL,"2024-03-25","2024-04-13","5584.00",622,"Completed"
527,90,NULL,"2024-03-14",NULL,NULL,1313,"Pending"
528,84,"Avionics Inspection","2024-04-11",NULL,"1810.00",928,"Pending"
529,72,NULL,NULL,NULL,"7915.00",1160,"Completed"
530,84,"Avionics Inspection",NULL,"2024-03-09","2976.00",1140,"Pending"
531,95,NULL,"2024-04-06","2024-03-27","5668.00",1333,"Pending"
532,84,NULL,NULL,NULL,NULL,889,"Completed"
533,100,"Avionics Inspection",NULL,"2024-04-05",NULL,739,NULL
534,88,"Engine Overhaul","2024-04-20",NULL,NULL,639,"Completed"
535,87,NULL,"2024-04-20","2024-04-08","2568.00",1428,"Completed"
536,84,NULL,NULL,"2024-03-17",NULL,1399,"Completed"
537,97,"Avionics Inspection","2024-04-06","2024-04-12","9191.00",1139,"Pending"
538,83,"Interior Refurbishment","2024-03-20","2024-03-23",NULL,565,"Pending"
539,103,"Avionics Inspection",NULL,"2024-04-20","2471.00",714,NULL
540,73,"Routine Check","2024-03-21","2024-04-18","1984.00",1297,"Pending"
541,69,NULL,NULL,"2024-03-12",NULL,1109,"Pending"
542,82,"Avionics Inspection",NULL,NULL,"9653.00",665,"Pending"
543,81,"Engine Overhaul",NULL,"2024-03-18","1884.00",913,"Pending"
544,90,"Interior Refurbishment","2024-04-18","2024-03-10",NULL,624,"Pending"
545,78,"Routine Check",NULL,NULL,"4489.00",1482,NULL
546,83,"Avionics Inspection",NULL,"2024-04-08",NULL,694,"Completed"
547,102,"Engine Overhaul",NULL,NULL,NULL,836,"Pending"
548,85,"Interior Refurbishment",NULL,"2024-04-12","9471.00",694,NULL
549,85,"Avionics Inspection",NULL,"2024-03-29","1423.00",849,"Completed"
770,81,"Routine Check",NULL,NULL,"4106.00",913,"Pending"
550,86,"Avionics Inspection",NULL,NULL,"7306.00",667,"Completed"
551,68,"Routine Check","2024-04-14",NULL,NULL,1494,"Completed"
552,98,"Avionics Inspection","2024-03-23",NULL,"7158.00",947,NULL
553,73,"Interior Refurbishment",NULL,NULL,"10240.00",1184,"Pending"
554,68,"Interior Refurbishment",NULL,"2024-03-27","7150.00",928,"Completed"
555,85,"Engine Overhaul","2024-03-15","2024-04-05","2689.00",890,"Pending"
556,74,"Routine Check","2024-03-07","2024-03-21",NULL,1063,"Pending"
557,98,NULL,"2024-04-15",NULL,"3243.00",632,NULL
558,94,"Avionics Inspection",NULL,"2024-04-14","7046.00",844,"Completed"
559,70,"Engine Overhaul","2024-03-26","2024-03-15",NULL,624,"Completed"
560,85,NULL,"2024-04-01","2024-03-17",NULL,1415,"Pending"
561,89,"Avionics Inspection",NULL,NULL,"3513.00",1051,"Completed"
562,69,NULL,"2024-04-08",NULL,"3395.00",1322,NULL
563,80,NULL,NULL,"2024-03-25",NULL,813,"Pending"
564,82,"Routine Check",NULL,"2024-03-01",NULL,566,"Pending"
565,93,"Routine Check","2024-03-03",NULL,"8135.00",804,"Completed"
566,70,"Routine Check","2024-04-05","2024-03-15",NULL,610,"Completed"
567,101,"Interior Refurbishment",NULL,NULL,"4051.00",1132,"Completed"
568,84,"Avionics Inspection","2024-04-16",NULL,"1614.00",1158,"Completed"
569,76,"Engine Overhaul","2024-04-04",NULL,"6323.00",1373,"Completed"
570,103,"Avionics Inspection",NULL,NULL,NULL,1192,"Pending"
571,93,"Routine Check","2024-04-09",NULL,NULL,741,"Completed"
572,94,NULL,"2024-03-26","2024-03-05","5114.00",1483,NULL
573,88,"Avionics Inspection",NULL,"2024-03-15","6486.00",1384,"Pending"
574,74,"Engine Overhaul",NULL,"2024-04-07","5118.00",996,"Pending"
575,88,NULL,NULL,NULL,"10279.00",624,"Completed"
576,98,"Interior Refurbishment",NULL,NULL,"5616.00",1160,"Pending"
577,82,"Interior Refurbishment","2024-04-08",NULL,"2904.00",724,"Pending"
578,93,NULL,NULL,NULL,"1627.00",730,"Completed"
579,100,"Routine Check","2024-03-03",NULL,"9759.00",1400,"Pending"
580,92,"Avionics Inspection","2024-04-21",NULL,"10257.00",1384,NULL
581,85,"Routine Check",NULL,"2024-03-24","9795.00",1088,"Pending"
582,101,"Routine Check",NULL,NULL,"9117.00",1126,NULL
583,92,NULL,"2024-03-01",NULL,"1398.00",781,"Completed"
584,91,NULL,"2024-03-20",NULL,NULL,958,"Pending"
585,103,"Avionics Inspection",NULL,"2024-04-20","10163.00",714,"Completed"
586,84,NULL,"2024-03-18",NULL,"6280.00",1319,"Pending"
587,78,"Engine Overhaul","2024-03-04","2024-03-22",NULL,535,NULL
588,91,"Avionics Inspection",NULL,"2024-04-12",NULL,1471,NULL
589,92,"Avionics Inspection","2024-03-19",NULL,NULL,1482,"Pending"
590,98,"Interior Refurbishment",NULL,"2024-03-12",NULL,1009,"Completed"
591,99,"Engine Overhaul",NULL,"2024-03-12","3107.00",1258,"Pending"
592,92,"Interior Refurbishment","2024-03-17","2024-03-29",NULL,1382,"Completed"
593,71,NULL,NULL,"2024-03-06","1690.00",1270,"Pending"
594,76,"Engine Overhaul","2024-03-23","2024-04-11","1028.00",505,"Pending"
595,74,NULL,"2024-04-10","2024-04-07",NULL,1018,"Completed"
596,68,"Interior Refurbishment","2024-04-10","2024-04-18","10900.00",1209,"Completed"
597,97,"Routine Check",NULL,NULL,NULL,913,NULL
598,84,"Interior Refurbishment","2024-03-21","2024-04-01","6460.00",1494,NULL
599,90,"Interior Refurbishment",NULL,"2024-04-21","8994.00",599,"Completed"
600,92,NULL,"2024-03-07","2024-03-06","7719.00",565,"Completed"
601,79,"Interior Refurbishment",NULL,"2024-04-19",NULL,1075,"Completed"
602,84,"Routine Check",NULL,NULL,NULL,889,"Completed"
603,74,"Avionics Inspection",NULL,NULL,"8753.00",540,"Pending"
604,86,"Engine Overhaul","2024-03-06","2024-03-05",NULL,664,"Pending"
605,76,"Avionics Inspection",NULL,"2024-03-26","5628.00",1119,"Completed"
606,83,"Avionics Inspection",NULL,"2024-03-26","8145.00",1270,"Pending"
607,102,"Routine Check",NULL,"2024-03-15",NULL,1311,NULL
608,72,"Engine Overhaul",NULL,NULL,"7486.00",575,"Pending"
609,80,"Interior Refurbishment",NULL,NULL,"5015.00",844,"Completed"
610,100,"Engine Overhaul","2024-03-25","2024-04-13",NULL,622,"Pending"
611,69,"Interior Refurbishment",NULL,"2024-03-20","2455.00",1494,"Completed"
612,101,"Interior Refurbishment",NULL,NULL,NULL,1245,NULL
613,69,"Engine Overhaul",NULL,"2024-04-18","9068.00",1429,"Pending"
614,73,"Routine Check",NULL,"2024-03-29","1334.00",1184,NULL
615,77,NULL,NULL,"2024-03-01","2645.00",1432,"Completed"
616,69,"Engine Overhaul","2024-04-08","2024-03-09",NULL,1322,"Completed"
617,73,NULL,"2024-04-06","2024-03-06","5523.00",1240,"Completed"
618,77,NULL,"2024-03-25","2024-03-22","9642.00",1429,"Completed"
619,72,"Interior Refurbishment",NULL,"2024-03-15","8608.00",947,"Pending"
620,76,"Interior Refurbishment","2024-03-31",NULL,NULL,876,NULL
621,74,"Routine Check",NULL,NULL,NULL,1361,"Pending"
622,68,NULL,NULL,NULL,"10225.00",1359,"Completed"
623,72,"Avionics Inspection","2024-03-09",NULL,NULL,1011,"Completed"
624,94,"Avionics Inspection","2024-04-19","2024-04-05","5396.00",593,NULL
625,74,NULL,NULL,NULL,"7104.00",540,"Pending"
626,87,"Routine Check",NULL,"2024-04-18","5909.00",958,"Pending"
627,87,NULL,"2024-03-14","2024-03-24",NULL,1290,NULL
628,103,NULL,"2024-03-07","2024-04-14","10931.00",724,NULL
629,90,"Routine Check","2024-03-17",NULL,"5191.00",1391,NULL
630,83,"Engine Overhaul",NULL,NULL,"1576.00",1192,"Pending"
631,72,NULL,NULL,NULL,NULL,622,NULL
632,87,"Interior Refurbishment","2024-03-14","2024-03-24",NULL,1290,"Pending"
633,75,NULL,"2024-03-11",NULL,"9710.00",718,"Pending"
634,84,"Interior Refurbishment",NULL,NULL,"4764.00",698,"Pending"
635,83,"Engine Overhaul",NULL,NULL,"7112.00",839,"Pending"
636,71,"Avionics Inspection",NULL,NULL,"8753.00",1428,NULL
637,85,"Routine Check",NULL,"2024-04-16","7128.00",914,"Pending"
638,103,"Interior Refurbishment",NULL,NULL,"4276.00",1271,"Completed"
639,102,"Interior Refurbishment",NULL,NULL,NULL,1422,NULL
640,90,"Avionics Inspection",NULL,NULL,NULL,1491,"Pending"
641,77,"Avionics Inspection",NULL,NULL,NULL,1050,"Pending"
642,83,"Routine Check",NULL,"2024-03-26","9389.00",1270,NULL
643,79,"Engine Overhaul",NULL,NULL,NULL,565,"Pending"
644,101,"Interior Refurbishment",NULL,"2024-04-12","2882.00",510,"Completed"
645,82,"Routine Check",NULL,"2024-03-17",NULL,767,NULL
646,86,"Engine Overhaul","2024-04-16",NULL,"4667.00",1178,"Pending"
647,75,"Avionics Inspection","2024-04-07",NULL,"6743.00",1054,"Pending"
648,76,"Avionics Inspection",NULL,NULL,"9557.00",1019,NULL
649,79,"Interior Refurbishment",NULL,"2024-03-17","9329.00",565,NULL
650,94,"Avionics Inspection","2024-03-06","2024-04-06","10986.00",839,NULL
651,91,"Avionics Inspection",NULL,NULL,"9913.00",876,NULL
652,74,"Engine Overhaul",NULL,NULL,"8617.00",1289,"Completed"
653,89,"Engine Overhaul",NULL,"2024-03-15","2469.00",696,"Completed"
654,103,"Interior Refurbishment",NULL,NULL,"8288.00",724,"Pending"
655,80,"Engine Overhaul","2024-03-26",NULL,"3864.00",813,"Completed"
656,99,"Routine Check","2024-03-08","2024-04-13","7666.00",1075,"Completed"
657,102,"Engine Overhaul",NULL,"2024-03-14","2232.00",1001,"Pending"
658,96,"Avionics Inspection",NULL,"2024-03-06","9532.00",1235,"Completed"
659,89,"Routine Check","2024-03-05",NULL,"9240.00",889,NULL
660,93,NULL,"2024-03-19","2024-03-23",NULL,792,"Completed"
661,87,"Engine Overhaul","2024-03-22","2024-03-20","2476.00",823,"Pending"
662,77,"Avionics Inspection",NULL,"2024-04-02","5947.00",1174,"Pending"
663,92,"Engine Overhaul","2024-04-21",NULL,"8419.00",1384,"Completed"
664,90,"Routine Check","2024-04-05",NULL,"1939.00",949,"Pending"
665,84,"Interior Refurbishment","2024-04-16",NULL,"8798.00",870,"Completed"
666,83,"Avionics Inspection","2024-03-20",NULL,"6764.00",529,"Completed"
667,98,"Routine Check",NULL,NULL,"8292.00",1296,"Pending"
668,95,"Routine Check",NULL,NULL,"1555.00",1091,"Pending"
669,88,NULL,NULL,"2024-03-31","1639.00",874,"Completed"
670,86,"Engine Overhaul","2024-03-08",NULL,"9710.00",1269,"Completed"
671,72,"Interior Refurbishment",NULL,"2024-04-02","2785.00",1482,NULL
672,71,"Interior Refurbishment",NULL,NULL,"8023.00",920,NULL
673,74,"Avionics Inspection",NULL,NULL,"10681.00",540,"Completed"
674,91,"Interior Refurbishment",NULL,NULL,NULL,822,"Pending"
675,70,"Engine Overhaul",NULL,NULL,"10933.00",1005,"Pending"
676,103,"Interior Refurbishment",NULL,"2024-03-03","10919.00",822,NULL
677,75,"Interior Refurbishment","2024-03-17","2024-03-30",NULL,874,"Completed"
678,87,"Routine Check","2024-03-14","2024-03-24","5357.00",1290,"Completed"
679,67,NULL,NULL,NULL,"3798.00",1373,"Pending"
680,73,"Avionics Inspection","2024-04-09","2024-03-29","4463.00",853,"Completed"
681,94,NULL,NULL,NULL,"6661.00",1339,NULL
682,80,"Engine Overhaul",NULL,"2024-03-05","1865.00",702,NULL
683,93,"Avionics Inspection",NULL,"2024-04-19","10745.00",671,"Completed"
684,90,"Engine Overhaul","2024-03-23",NULL,"8272.00",820,"Pending"
685,101,"Avionics Inspection","2024-03-03",NULL,NULL,1340,NULL
686,100,NULL,"2024-03-01",NULL,"6626.00",852,"Completed"
687,69,"Avionics Inspection","2024-03-18",NULL,"10654.00",1370,"Pending"
688,80,"Routine Check",NULL,"2024-03-08","1429.00",772,NULL
689,93,"Interior Refurbishment","2024-04-18",NULL,"9406.00",1422,"Completed"
690,102,"Avionics Inspection","2024-03-15","2024-04-05","5910.00",938,"Pending"
691,83,"Interior Refurbishment","2024-03-19",NULL,"8268.00",1103,"Completed"
692,71,"Routine Check",NULL,"2024-04-17",NULL,1021,"Completed"
693,76,"Avionics Inspection","2024-03-15",NULL,NULL,776,"Completed"
694,74,"Routine Check","2024-03-18",NULL,NULL,857,"Pending"
695,96,"Interior Refurbishment",NULL,"2024-04-13",NULL,639,"Completed"
696,80,NULL,"2024-03-30",NULL,NULL,696,NULL
697,103,NULL,"2024-04-10",NULL,"10278.00",932,"Pending"
698,70,"Routine Check",NULL,"2024-04-11","2817.00",1361,"Pending"
699,102,"Engine Overhaul",NULL,"2024-03-18","4310.00",1322,NULL
700,102,"Engine Overhaul","2024-03-26","2024-03-26","9217.00",836,"Pending"
701,95,"Interior Refurbishment","2024-04-01",NULL,"5226.00",838,"Completed"
702,84,"Routine Check",NULL,"2024-04-21","1911.00",1288,"Pending"
703,85,"Avionics Inspection",NULL,"2024-04-20","2685.00",1442,"Completed"
704,102,"Avionics Inspection","2024-03-30","2024-03-22",NULL,503,"Completed"
705,103,"Interior Refurbishment","2024-03-10",NULL,"4014.00",1011,NULL
706,86,"Engine Overhaul",NULL,NULL,"4284.00",1429,"Pending"
707,94,"Engine Overhaul","2024-03-21","2024-04-14",NULL,844,"Pending"
708,88,"Interior Refurbishment","2024-04-12",NULL,NULL,1050,"Completed"
709,95,NULL,"2024-04-18","2024-03-02","5002.00",575,NULL
710,81,"Routine Check",NULL,"2024-03-18","5031.00",913,"Pending"
711,67,"Engine Overhaul","2024-03-13","2024-04-03",NULL,1354,NULL
712,93,"Interior Refurbishment",NULL,NULL,NULL,857,"Completed"
713,94,NULL,NULL,"2024-04-01","3598.00",1167,NULL
714,73,"Avionics Inspection",NULL,"2024-03-11","3492.00",781,NULL
715,79,"Routine Check","2024-04-12",NULL,"8208.00",1309,NULL
716,68,NULL,"2024-03-28","2024-04-14","2534.00",565,"Completed"
717,74,"Engine Overhaul",NULL,NULL,NULL,1128,"Completed"
718,75,NULL,NULL,"2024-04-07","10631.00",1175,"Completed"
719,79,"Interior Refurbishment","2024-03-12","2024-03-06","9057.00",1032,"Completed"
720,92,"Routine Check","2024-03-09",NULL,"3275.00",816,"Pending"
721,75,NULL,"2024-04-15","2024-03-02",NULL,1216,NULL
722,68,"Routine Check","2024-03-23","2024-03-01",NULL,1192,"Pending"
723,67,NULL,NULL,"2024-03-08","5791.00",1109,NULL
724,76,"Avionics Inspection","2024-03-15",NULL,"2185.00",776,NULL
725,74,"Interior Refurbishment","2024-03-05","2024-03-22","1172.00",1361,"Completed"
726,84,NULL,"2024-03-23",NULL,"7673.00",811,"Completed"
727,103,NULL,"2024-03-08","2024-03-12",NULL,767,"Completed"
728,83,"Avionics Inspection","2024-03-20","2024-03-06",NULL,1038,NULL
729,101,"Interior Refurbishment",NULL,"2024-03-05","7522.00",1245,"Completed"
730,80,"Routine Check","2024-04-14","2024-03-25","1504.00",813,"Completed"
731,78,"Routine Check",NULL,NULL,"1897.00",1302,"Completed"
732,102,"Interior Refurbishment",NULL,"2024-04-10",NULL,1290,"Pending"
733,103,"Interior Refurbishment",NULL,"2024-03-21","3007.00",1384,"Pending"
734,97,NULL,"2024-03-09",NULL,NULL,1269,"Completed"
735,92,"Interior Refurbishment","2024-03-01",NULL,NULL,781,"Pending"
736,84,"Avionics Inspection",NULL,NULL,NULL,641,"Completed"
737,100,"Routine Check","2024-04-04",NULL,"8860.00",792,"Pending"
738,75,"Routine Check",NULL,NULL,NULL,1422,"Completed"
739,72,"Routine Check","2024-04-05","2024-03-20","2235.00",1485,"Completed"
740,92,"Routine Check",NULL,NULL,"6937.00",1382,NULL
741,97,"Interior Refurbishment","2024-03-18","2024-03-27",NULL,1196,"Pending"
742,103,"Interior Refurbishment",NULL,"2024-04-07","9229.00",722,NULL
743,90,"Interior Refurbishment",NULL,NULL,"3558.00",1361,"Pending"
744,87,"Avionics Inspection",NULL,NULL,NULL,770,"Pending"
745,83,"Engine Overhaul",NULL,NULL,"10359.00",1356,NULL
746,83,"Engine Overhaul","2024-04-15",NULL,"4859.00",1356,"Pending"
747,96,NULL,NULL,"2024-03-18","9922.00",1167,"Pending"
748,83,"Avionics Inspection",NULL,"2024-03-06","7137.00",1011,NULL
749,96,NULL,"2024-04-14",NULL,"2327.00",1400,"Pending"
750,70,"Engine Overhaul","2024-04-17","2024-04-09","1054.00",1361,"Pending"
751,100,"Routine Check",NULL,NULL,"9304.00",672,NULL
752,81,"Interior Refurbishment","2024-04-14","2024-04-14","4818.00",1391,"Completed"
753,93,NULL,"2024-04-15",NULL,NULL,1032,NULL
754,101,"Avionics Inspection",NULL,"2024-03-29","1783.00",767,"Completed"
755,100,"Engine Overhaul",NULL,NULL,NULL,722,"Completed"
756,80,NULL,"2024-04-08","2024-03-11","5672.00",1269,"Pending"
757,79,"Avionics Inspection","2024-03-12","2024-03-06","7458.00",1032,NULL
758,82,"Avionics Inspection","2024-04-08",NULL,"10095.00",724,"Pending"
759,79,"Engine Overhaul",NULL,NULL,"7134.00",1315,NULL
760,96,"Interior Refurbishment","2024-04-05",NULL,NULL,622,"Completed"
761,94,"Engine Overhaul","2024-03-26","2024-03-05",NULL,1483,"Pending"
762,80,"Avionics Inspection","2024-03-20",NULL,"3131.00",1158,"Pending"
763,102,"Routine Check",NULL,"2024-04-17","8494.00",664,NULL
764,97,NULL,"2024-03-06",NULL,"5371.00",1175,"Completed"
765,103,"Avionics Inspection",NULL,"2024-03-21","6203.00",1384,"Pending"
766,91,"Interior Refurbishment","2024-04-18",NULL,NULL,767,"Pending"
767,70,"Engine Overhaul",NULL,NULL,"8430.00",641,"Completed"
768,75,"Avionics Inspection",NULL,"2024-04-08",NULL,889,"Completed"
769,82,"Routine Check",NULL,"2024-04-19",NULL,1144,"Pending"
771,85,"Engine Overhaul","2024-04-13","2024-03-29","4718.00",1290,NULL
772,69,"Engine Overhaul","2024-03-15","2024-03-16","6477.00",1422,"Pending"
773,79,"Interior Refurbishment",NULL,"2024-03-06","10130.00",1032,"Pending"
774,82,NULL,NULL,NULL,"9587.00",665,"Completed"
775,86,"Avionics Inspection","2024-03-06",NULL,NULL,1309,"Pending"
776,71,"Interior Refurbishment","2024-03-28","2024-03-15","2855.00",698,"Completed"
777,79,"Routine Check",NULL,"2024-04-21","4609.00",996,NULL
778,83,NULL,"2024-03-24",NULL,NULL,876,NULL
779,79,"Interior Refurbishment","2024-03-03",NULL,"6200.00",996,NULL
780,92,"Engine Overhaul",NULL,NULL,"5002.00",816,"Pending"
781,98,"Interior Refurbishment",NULL,NULL,"9479.00",632,"Pending"
782,94,NULL,"2024-03-21",NULL,"7847.00",844,NULL
783,68,NULL,NULL,"2024-03-10","7626.00",722,NULL
784,74,"Routine Check",NULL,NULL,NULL,1088,"Completed"
785,82,NULL,NULL,"2024-04-20","3205.00",540,"Completed"
786,69,NULL,NULL,"2024-04-16","3179.00",633,"Completed"
787,86,"Routine Check","2024-04-07",NULL,NULL,622,"Completed"
788,99,"Interior Refurbishment","2024-04-01","2024-04-07","7274.00",1235,"Pending"
789,94,"Engine Overhaul","2024-03-19","2024-03-17",NULL,1333,NULL
790,68,"Engine Overhaul","2024-04-10","2024-03-24",NULL,1028,"Completed"
791,92,"Avionics Inspection","2024-04-21",NULL,NULL,1384,NULL
792,73,"Avionics Inspection","2024-03-03","2024-03-12","1932.00",1382,NULL
793,85,"Interior Refurbishment","2024-04-20",NULL,NULL,1118,"Completed"
794,85,"Engine Overhaul",NULL,"2024-03-24",NULL,1088,"Pending"
795,85,"Engine Overhaul",NULL,"2024-04-11","3676.00",1399,"Pending"
796,88,"Interior Refurbishment",NULL,"2024-03-15",NULL,1384,"Completed"
797,87,NULL,NULL,NULL,NULL,1256,"Pending"
798,91,"Engine Overhaul",NULL,NULL,"4142.00",696,"Pending"
799,67,"Routine Check",NULL,NULL,"5464.00",1309,NULL
800,82,"Interior Refurbishment","2024-04-08","2024-03-09",NULL,724,NULL
801,91,"Interior Refurbishment","2024-04-18",NULL,"4621.00",565,"Completed"
802,67,"Interior Refurbishment","2024-04-06","2024-03-15","4133.00",610,"Completed"
803,75,"Routine Check",NULL,NULL,"7121.00",527,"Pending"
804,83,NULL,NULL,"2024-04-11","2153.00",1274,"Completed"
805,99,"Engine Overhaul","2024-03-08","2024-04-13","6808.00",1075,"Completed"
806,80,"Engine Overhaul","2024-03-21","2024-03-17",NULL,1052,NULL
807,83,"Interior Refurbishment","2024-03-16","2024-04-11","7480.00",1274,"Pending"
808,97,NULL,NULL,NULL,"9394.00",1128,"Pending"
809,83,"Routine Check",NULL,"2024-03-04","7135.00",1144,NULL
810,68,"Routine Check","2024-04-14","2024-04-06","2827.00",1494,"Pending"
811,103,"Routine Check","2024-03-10",NULL,"2432.00",1011,"Completed"
812,101,"Avionics Inspection","2024-04-07","2024-03-04","2087.00",1429,"Completed"
813,99,"Routine Check","2024-03-03","2024-03-30",NULL,1271,NULL
814,79,"Engine Overhaul","2024-03-25",NULL,"5830.00",1397,"Pending"
815,88,NULL,"2024-04-12",NULL,"10999.00",1050,NULL
816,83,"Routine Check","2024-03-16","2024-04-11","8355.00",1274,"Completed"
817,92,"Interior Refurbishment","2024-04-14","2024-03-21",NULL,1217,NULL
818,74,"Routine Check",NULL,"2024-04-08",NULL,1088,"Pending"
819,91,"Routine Check","2024-03-20","2024-04-14","6973.00",684,"Pending"
820,87,"Avionics Inspection","2024-03-31","2024-04-16",NULL,1192,"Completed"
821,86,"Routine Check",NULL,NULL,NULL,667,NULL
822,90,"Avionics Inspection",NULL,NULL,"2684.00",503,NULL
823,81,"Engine Overhaul",NULL,NULL,"10720.00",911,"Completed"
824,75,"Engine Overhaul",NULL,NULL,"4243.00",776,NULL
825,98,"Interior Refurbishment",NULL,"2024-04-19","4084.00",589,"Completed"
826,83,"Avionics Inspection",NULL,NULL,NULL,1296,"Completed"
827,95,"Interior Refurbishment","2024-04-06","2024-03-27","10211.00",1333,"Completed"
828,67,"Routine Check","2024-04-13",NULL,"6655.00",532,"Completed"
829,90,"Avionics Inspection","2024-04-11",NULL,"6925.00",1028,NULL
830,88,"Interior Refurbishment",NULL,"2024-03-24",NULL,724,"Pending"
831,89,NULL,NULL,"2024-04-21","3996.00",844,NULL
832,80,"Engine Overhaul","2024-04-14",NULL,"1875.00",554,"Completed"
833,84,"Engine Overhaul","2024-04-16",NULL,"6026.00",870,"Pending"
834,81,NULL,"2024-04-19",NULL,"2802.00",1144,"Completed"
835,101,"Avionics Inspection","2024-03-31",NULL,NULL,953,"Pending"
836,75,"Avionics Inspection","2024-04-12",NULL,"5732.00",632,"Pending"
837,91,NULL,NULL,NULL,"1477.00",696,NULL
838,80,NULL,NULL,NULL,"7628.00",702,"Pending"
839,81,NULL,"2024-04-16","2024-03-31","7642.00",870,"Pending"
840,88,NULL,NULL,"2024-03-24","4808.00",724,"Completed"
841,92,"Routine Check","2024-03-19","2024-04-17","6815.00",1482,"Pending"
842,97,"Routine Check",NULL,NULL,"2125.00",1128,"Completed"
843,88,"Avionics Inspection",NULL,NULL,"5082.00",632,"Pending"
844,97,NULL,NULL,"2024-03-19",NULL,1322,"Completed"
845,73,"Engine Overhaul",NULL,NULL,"8510.00",996,"Completed"
846,73,"Routine Check",NULL,NULL,"7574.00",996,"Pending"
847,69,"Routine Check",NULL,"2024-03-16","9170.00",1422,"Pending"
848,70,NULL,"2024-03-06",NULL,"7418.00",1126,"Completed"
849,92,"Interior Refurbishment","2024-03-07","2024-03-06","8340.00",565,"Completed"
850,69,"Engine Overhaul","2024-03-23",NULL,"8196.00",1319,"Pending"
851,103,"Interior Refurbishment",NULL,"2024-04-06","5159.00",1354,"Completed"
852,83,"Engine Overhaul",NULL,NULL,"3904.00",820,NULL
853,74,"Routine Check","2024-03-16","2024-03-30","3880.00",924,"Completed"
854,83,NULL,NULL,NULL,"6718.00",860,"Completed"
855,96,"Avionics Inspection",NULL,"2024-04-06","4388.00",1373,"Completed"
856,83,"Engine Overhaul","2024-03-21",NULL,"10606.00",813,"Pending"
857,98,"Engine Overhaul","2024-03-01","2024-03-12","5014.00",1009,"Completed"
858,100,"Routine Check","2024-03-27",NULL,NULL,622,"Completed"
859,92,"Avionics Inspection","2024-03-01",NULL,NULL,781,"Pending"
860,93,"Routine Check",NULL,"2024-04-07","10562.00",724,NULL
861,81,"Routine Check","2024-04-17",NULL,"3508.00",1319,"Pending"
862,99,"Interior Refurbishment",NULL,NULL,"7386.00",1373,"Completed"
863,85,"Interior Refurbishment",NULL,"2024-04-13","4191.00",1059,"Completed"
864,73,"Interior Refurbishment","2024-03-19","2024-04-11","3481.00",527,"Pending"
865,89,NULL,"2024-04-10",NULL,"8692.00",1051,NULL
866,94,NULL,"2024-03-27",NULL,NULL,671,"Pending"
867,83,"Avionics Inspection","2024-04-05","2024-04-01","1136.00",1432,"Pending"
868,96,"Avionics Inspection","2024-04-14",NULL,NULL,1400,NULL
869,67,NULL,"2024-03-01","2024-03-01","6193.00",804,"Pending"
870,92,NULL,"2024-03-11","2024-03-08",NULL,1289,"Pending"
871,90,"Routine Check",NULL,NULL,NULL,540,"Pending"
872,82,"Avionics Inspection",NULL,"2024-04-14",NULL,1088,"Pending"
873,81,"Routine Check",NULL,"2024-04-12","8623.00",913,"Pending"
874,92,"Routine Check",NULL,"2024-03-16",NULL,1240,"Pending"
875,101,"Avionics Inspection","2024-04-06","2024-04-19",NULL,804,NULL
876,80,"Engine Overhaul","2024-04-08","2024-03-11","6911.00",1269,"Completed"
877,100,"Engine Overhaul",NULL,"2024-04-05","7381.00",739,NULL
878,91,"Interior Refurbishment","2024-04-16","2024-04-14",NULL,740,NULL
879,90,"Interior Refurbishment",NULL,"2024-03-10","5892.00",624,"Completed"
880,70,NULL,"2024-03-25",NULL,NULL,1361,"Completed"
881,93,NULL,"2024-04-18",NULL,"8459.00",1360,NULL
882,86,"Engine Overhaul","2024-04-06","2024-03-21",NULL,924,"Completed"
883,67,NULL,"2024-04-20","2024-04-01","6826.00",639,NULL
884,88,"Avionics Inspection","2024-04-05",NULL,"9979.00",624,"Pending"
885,99,"Engine Overhaul","2024-03-07",NULL,"4694.00",1054,"Completed"
886,86,"Engine Overhaul","2024-03-10","2024-04-17","8339.00",1167,"Completed"
887,85,"Interior Refurbishment","2024-04-20","2024-03-31","9169.00",1118,"Pending"
888,96,"Engine Overhaul","2024-04-13","2024-03-28","5853.00",501,"Completed"
889,102,"Avionics Inspection",NULL,NULL,NULL,804,"Pending"
890,97,NULL,NULL,"2024-03-16","1893.00",882,"Completed"
891,76,"Avionics Inspection","2024-04-16","2024-03-18","1948.00",671,"Pending"
892,97,"Interior Refurbishment","2024-04-02","2024-03-16",NULL,882,"Completed"
893,72,NULL,"2024-03-10","2024-03-06","8855.00",781,"Pending"
894,100,"Routine Check","2024-03-27","2024-03-28","1970.00",622,"Completed"
895,72,"Interior Refurbishment","2024-04-01",NULL,NULL,1370,"Completed"
896,77,"Routine Check",NULL,"2024-03-01","7629.00",1432,"Pending"
897,100,"Avionics Inspection","2024-04-13","2024-04-13","4699.00",1434,NULL
898,93,"Engine Overhaul","2024-04-18","2024-04-16","7668.00",1422,"Completed"
899,94,NULL,"2024-03-28","2024-03-07","1417.00",972,"Pending"
900,68,"Avionics Inspection",NULL,"2024-04-15","7634.00",1132,"Pending"
901,67,"Interior Refurbishment",NULL,"2024-04-15",NULL,1288,NULL
902,85,"Interior Refurbishment","2024-03-08","2024-03-24","8131.00",1088,NULL
