"id","name","isadmin","email","password"
102,"User1",False,"user1@example.com","password1"
103,"User2",False,"user2@example.com","password2"
104,"User3",False,"user3@example.com","password3"
105,"User4",False,"user4@example.com","password4"
106,"User5",False,"user5@example.com","password5"
107,"User6",False,"user6@example.com","password6"
108,"User7",False,"user7@example.com","password7"
109,"User8",False,"user8@example.com","password8"
110,"User9",False,"user9@example.com","password9"
111,"User10",False,"user10@example.com","password10"
112,"User11",False,"user11@example.com","password11"
113,"User12",False,"user12@example.com","password12"
114,"User13",False,"user13@example.com","password13"
115,"User14",False,"user14@example.com","password14"
116,"User15",False,"user15@example.com","password15"
117,"User16",False,"user16@example.com","password16"
118,"User17",False,"user17@example.com","password17"
119,"User18",False,"user18@example.com","password18"
120,"User19",False,"user19@example.com","password19"
121,"User20",False,"user20@example.com","password20"
122,"User21",False,"user21@example.com","password21"
123,"User22",False,"user22@example.com","password22"
124,"User23",False,"user23@example.com","password23"
125,"User24",False,"user24@example.com","password24"
126,"User25",False,"user25@example.com","password25"
127,"User26",False,"user26@example.com","password26"
128,"User27",False,"user27@example.com","password27"
129,"User28",False,"user28@example.com","password28"
130,"User29",False,"user29@example.com","password29"
131,"User30",False,"user30@example.com","password30"
132,"User31",False,"user31@example.com","password31"
133,"User32",False,"user32@example.com","password32"
134,"User33",False,"user33@example.com","password33"
135,"User34",False,"user34@example.com","password34"
136,"User35",False,"user35@example.com","password35"
137,"User36",False,"user36@example.com","password36"
138,"User37",False,"user37@example.com","password37"
139,"User38",False,"user38@example.com","password38"
140,"User39",False,"user39@example.com","password39"
141,"User40",False,"user40@example.com","password40"
142,"User41",False,"user41@example.com","password41"
143,"User42",False,"user42@example.com","password42"
144,"User43",False,"user43@example.com","password43"
145,"User44",False,"user44@example.com","password44"
146,"User45",False,"user45@example.com","password45"
147,"User46",False,"user46@example.com","password46"
148,"User47",False,"user47@example.com","password47"
149,"User48",False,"user48@example.com","password48"
150,"User49",False,"user49@example.com","password49"
151,"User50",False,"user50@example.com","password50"
152,"User51",False,"user51@example.com","password51"
153,"User52",False,"user52@example.com","password52"
154,"User53",False,"user53@example.com","password53"
155,"User54",False,"user54@example.com","password54"
156,"User55",False,"user55@example.com","password55"
157,"User56",False,"user56@example.com","password56"
158,"User57",False,"user57@example.com","password57"
159,"User58",False,"user58@example.com","password58"
160,"User59",False,"user59@example.com","password59"
161,"User60",False,"user60@example.com","password60"
162,"User61",False,"user61@example.com","password61"
163,"User62",False,"user62@example.com","password62"
164,"User63",False,"user63@example.com","password63"
165,"User64",False,"user64@example.com","password64"
166,"User65",False,"user65@example.com","password65"
167,"User66",False,"user66@example.com","password66"
168,"User67",False,"user67@example.com","password67"
169,"User68",False,"user68@example.com","password68"
170,"User69",False,"user69@example.com","password69"
171,"User70",False,"user70@example.com","password70"
172,"User71",False,"user71@example.com","password71"
173,"User72",False,"user72@example.com","password72"
174,"User73",False,"user73@example.com","password73"
175,"User74",False,"user74@example.com","password74"
176,"User75",False,"user75@example.com","password75"
177,"User76",False,"user76@example.com","password76"
178,"User77",False,"user77@example.com","password77"
179,"User78",False,"user78@example.com","password78"
180,"User79",False,"user79@example.com","password79"
181,"User80",False,"user80@example.com","password80"
182,"User81",False,"user81@example.com","password81"
183,"User82",False,"user82@example.com","password82"
184,"User83",False,"user83@example.com","password83"
185,"User84",False,"user84@example.com","password84"
186,"User85",False,"user85@example.com","password85"
187,"User86",False,"user86@example.com","password86"
188,"User87",False,"user87@example.com","password87"
189,"User88",False,"user88@example.com","password88"
190,"User89",False,"user89@example.com","password89"
191,"User90",False,"user90@example.com","password90"
192,"User91",False,"user91@example.com","password91"
193,"User92",False,"user92@example.com","password92"
194,"User93",False,"user93@example.com","password93"
195,"User94",False,"user94@example.com","password94"
196,"User95",False,"user95@example.com","password95"
197,"User96",False,"user96@example.com","password96"
198,"User97",False,"user97@example.com","password97"
199,"User98",False,"user98@example.com","password98"
200,"User99",False,"user99@example.com","password99"
201,"User100",False,"user100@example.com","password100"
202,"User101",False,"user101@example.com","password101"
203,"User102",False,"user102@example.com","password102"
204,"User103",False,"user103@example.com","password103"
205,"User104",False,"user104@example.com","password104"
206,"User105",False,"user105@example.com","password105"
207,"User106",False,"user106@example.com","password106"
208,"User107",False,"user107@example.com","password107"
209,"User108",False,"user108@example.com","password108"
210,"User109",False,"user109@example.com","password109"
211,"User110",False,"user110@example.com","password110"
212,"User111",False,"user111@example.com","password111"
213,"User112",False,"user112@example.com","password112"
214,"User113",False,"user113@example.com","password113"
215,"User114",False,"user114@example.com","password114"
216,"User115",False,"user115@example.com","password115"
217,"User116",False,"user116@example.com","password116"
218,"User117",False,"user117@example.com","password117"
219,"User118",False,"user118@example.com","password118"
220,"User119",False,"user119@example.com","password119"
221,"User120",False,"user120@example.com","password120"
222,"User121",False,"user121@example.com","password121"
223,"User122",False,"user122@example.com","password122"
224,"User123",False,"user123@example.com","password123"
225,"User124",False,"user124@example.com","password124"
226,"User125",False,"user125@example.com","password125"
227,"User126",False,"user126@example.com","password126"
228,"User127",False,"user127@example.com","password127"
229,"User128",False,"user128@example.com","password128"
230,"User129",False,"user129@example.com","password129"
231,"User130",False,"user130@example.com","password130"
232,"User131",False,"user131@example.com","password131"
233,"User132",False,"user132@example.com","password132"
234,"User133",False,"user133@example.com","password133"
235,"User134",False,"user134@example.com","password134"
236,"User135",False,"user135@example.com","password135"
237,"User136",False,"user136@example.com","password136"
238,"User137",False,"user137@example.com","password137"
239,"User138",False,"user138@example.com","password138"
240,"User139",False,"user139@example.com","password139"
241,"User140",False,"user140@example.com","password140"
242,"User141",False,"user141@example.com","password141"
243,"User142",False,"user142@example.com","password142"
244,"User143",False,"user143@example.com","password143"
245,"User144",False,"user144@example.com","password144"
246,"User145",False,"user145@example.com","password145"
247,"User146",False,"user146@example.com","password146"
248,"User147",False,"user147@example.com","password147"
249,"User148",False,"user148@example.com","password148"
250,"User149",False,"user149@example.com","password149"
251,"User150",False,"user150@example.com","password150"
252,"User151",False,"user151@example.com","password151"
253,"User152",False,"user152@example.com","password152"
254,"User153",False,"user153@example.com","password153"
255,"User154",False,"user154@example.com","password154"
256,"User155",False,"user155@example.com","password155"
257,"User156",False,"user156@example.com","password156"
258,"User157",False,"user157@example.com","password157"
259,"User158",False,"user158@example.com","password158"
260,"User159",False,"user159@example.com","password159"
261,"User160",False,"user160@example.com","password160"
262,"User161",False,"user161@example.com","password161"
263,"User162",False,"user162@example.com","password162"
264,"User163",False,"user163@example.com","password163"
265,"User164",False,"user164@example.com","password164"
266,"User165",False,"user165@example.com","password165"
267,"User166",False,"user166@example.com","password166"
268,"User167",False,"user167@example.com","password167"
269,"User168",False,"user168@example.com","password168"
270,"User169",False,"user169@example.com","password169"
271,"User170",False,"user170@example.com","password170"
272,"User171",False,"user171@example.com","password171"
273,"User172",False,"user172@example.com","password172"
274,"User173",False,"user173@example.com","password173"
275,"User174",False,"user174@example.com","password174"
276,"User175",False,"user175@example.com","password175"
277,"User176",False,"user176@example.com","password176"
278,"User177",False,"user177@example.com","password177"
279,"User178",False,"user178@example.com","password178"
280,"User179",False,"user179@example.com","password179"
281,"User180",False,"user180@example.com","password180"
282,"User181",False,"user181@example.com","password181"
283,"User182",False,"user182@example.com","password182"
284,"User183",False,"user183@example.com","password183"
285,"User184",False,"user184@example.com","password184"
286,"User185",False,"user185@example.com","password185"
287,"User186",False,"user186@example.com","password186"
288,"User187",False,"user187@example.com","password187"
289,"User188",False,"user188@example.com","password188"
290,"User189",False,"user189@example.com","password189"
291,"User190",False,"user190@example.com","password190"
292,"User191",False,"user191@example.com","password191"
293,"User192",False,"user192@example.com","password192"
294,"User193",False,"user193@example.com","password193"
295,"User194",False,"user194@example.com","password194"
296,"User195",False,"user195@example.com","password195"
297,"User196",False,"user196@example.com","password196"
298,"User197",False,"user197@example.com","password197"
299,"User198",False,"user198@example.com","password198"
300,"User199",False,"user199@example.com","password199"
301,"User200",False,"user200@example.com","password200"
302,"User201",False,"user201@example.com","password201"
303,"User202",False,"user202@example.com","password202"
304,"User203",False,"user203@example.com","password203"
305,"User204",False,"user204@example.com","password204"
306,"User205",False,"user205@example.com","password205"
307,"User206",False,"user206@example.com","password206"
308,"User207",False,"user207@example.com","password207"
309,"User208",False,"user208@example.com","password208"
310,"User209",False,"user209@example.com","password209"
311,"User210",False,"user210@example.com","password210"
312,"User211",False,"user211@example.com","password211"
313,"User212",False,"user212@example.com","password212"
314,"User213",False,"user213@example.com","password213"
315,"User214",False,"user214@example.com","password214"
316,"User215",False,"user215@example.com","password215"
317,"User216",False,"user216@example.com","password216"
318,"User217",False,"user217@example.com","password217"
319,"User218",False,"user218@example.com","password218"
320,"User219",False,"user219@example.com","password219"
321,"User220",False,"user220@example.com","password220"
322,"User221",False,"user221@example.com","password221"
323,"User222",False,"user222@example.com","password222"
324,"User223",False,"user223@example.com","password223"
325,"User224",False,"user224@example.com","password224"
326,"User225",False,"user225@example.com","password225"
327,"User226",False,"user226@example.com","password226"
328,"User227",False,"user227@example.com","password227"
329,"User228",False,"user228@example.com","password228"
330,"User229",False,"user229@example.com","password229"
331,"User230",False,"user230@example.com","password230"
332,"User231",False,"user231@example.com","password231"
333,"User232",False,"user232@example.com","password232"
334,"User233",False,"user233@example.com","password233"
335,"User234",False,"user234@example.com","password234"
336,"User235",False,"user235@example.com","password235"
337,"User236",False,"user236@example.com","password236"
338,"User237",False,"user237@example.com","password237"
339,"User238",False,"user238@example.com","password238"
340,"User239",False,"user239@example.com","password239"
341,"User240",False,"user240@example.com","password240"
342,"User241",False,"user241@example.com","password241"
343,"User242",False,"user242@example.com","password242"
344,"User243",False,"user243@example.com","password243"
345,"User244",False,"user244@example.com","password244"
346,"User245",False,"user245@example.com","password245"
347,"User246",False,"user246@example.com","password246"
348,"User247",False,"user247@example.com","password247"
349,"User248",False,"user248@example.com","password248"
350,"User249",False,"user249@example.com","password249"
351,"User250",False,"user250@example.com","password250"
352,"User251",False,"user251@example.com","password251"
353,"User252",False,"user252@example.com","password252"
354,"User253",False,"user253@example.com","password253"
355,"User254",False,"user254@example.com","password254"
356,"User255",False,"user255@example.com","password255"
357,"User256",False,"user256@example.com","password256"
358,"User257",False,"user257@example.com","password257"
359,"User258",False,"user258@example.com","password258"
360,"User259",False,"user259@example.com","password259"
361,"User260",False,"user260@example.com","password260"
362,"User261",False,"user261@example.com","password261"
363,"User262",False,"user262@example.com","password262"
364,"User263",False,"user263@example.com","password263"
365,"User264",False,"user264@example.com","password264"
366,"User265",False,"user265@example.com","password265"
367,"User266",False,"user266@example.com","password266"
368,"User267",False,"user267@example.com","password267"
369,"User268",False,"user268@example.com","password268"
370,"User269",False,"user269@example.com","password269"
371,"User270",False,"user270@example.com","password270"
372,"User271",False,"user271@example.com","password271"
373,"User272",False,"user272@example.com","password272"
374,"User273",False,"user273@example.com","password273"
375,"User274",False,"user274@example.com","password274"
376,"User275",False,"user275@example.com","password275"
377,"User276",False,"user276@example.com","password276"
378,"User277",False,"user277@example.com","password277"
379,"User278",False,"user278@example.com","password278"
380,"User279",False,"user279@example.com","password279"
381,"User280",False,"user280@example.com","password280"
382,"User281",False,"user281@example.com","password281"
383,"User282",False,"user282@example.com","password282"
384,"User283",False,"user283@example.com","password283"
385,"User284",False,"user284@example.com","password284"
386,"User285",False,"user285@example.com","password285"
387,"User286",False,"user286@example.com","password286"
388,"User287",False,"user287@example.com","password287"
389,"User288",False,"user288@example.com","password288"
390,"User289",False,"user289@example.com","password289"
391,"User290",False,"user290@example.com","password290"
392,"User291",False,"user291@example.com","password291"
393,"User292",False,"user292@example.com","password292"
394,"User293",False,"user293@example.com","password293"
395,"User294",False,"user294@example.com","password294"
396,"User295",False,"user295@example.com","password295"
397,"User296",False,"user296@example.com","password296"
398,"User297",False,"user297@example.com","password297"
399,"User298",False,"user298@example.com","password298"
400,"User299",False,"user299@example.com","password299"
401,"User300",False,"user300@example.com","password300"
402,"User301",False,"user301@example.com","password301"
403,"User302",False,"user302@example.com","password302"
404,"User303",False,"user303@example.com","password303"
405,"User304",False,"user304@example.com","password304"
406,"User305",False,"user305@example.com","password305"
407,"User306",False,"user306@example.com","password306"
408,"User307",False,"user307@example.com","password307"
409,"User308",False,"user308@example.com","password308"
410,"User309",False,"user309@example.com","password309"
411,"User310",False,"user310@example.com","password310"
412,"User311",False,"user311@example.com","password311"
413,"User312",False,"user312@example.com","password312"
414,"User313",False,"user313@example.com","password313"
415,"User314",False,"user314@example.com","password314"
416,"User315",False,"user315@example.com","password315"
417,"User316",False,"user316@example.com","password316"
418,"User317",False,"user317@example.com","password317"
419,"User318",False,"user318@example.com","password318"
420,"User319",False,"user319@example.com","password319"
421,"User320",False,"user320@example.com","password320"
422,"User321",False,"user321@example.com","password321"
423,"User322",False,"user322@example.com","password322"
424,"User323",False,"user323@example.com","password323"
425,"User324",False,"user324@example.com","password324"
426,"User325",False,"user325@example.com","password325"
427,"User326",False,"user326@example.com","password326"
428,"User327",False,"user327@example.com","password327"
429,"User328",False,"user328@example.com","password328"
430,"User329",False,"user329@example.com","password329"
431,"User330",False,"user330@example.com","password330"
432,"User331",False,"user331@example.com","password331"
433,"User332",False,"user332@example.com","password332"
434,"User333",False,"user333@example.com","password333"
435,"User334",False,"user334@example.com","password334"
436,"User335",False,"user335@example.com","password335"
437,"User336",False,"user336@example.com","password336"
438,"User337",False,"user337@example.com","password337"
439,"User338",False,"user338@example.com","password338"
440,"User339",False,"user339@example.com","password339"
441,"User340",False,"user340@example.com","password340"
442,"User341",False,"user341@example.com","password341"
443,"User342",False,"user342@example.com","password342"
444,"User343",False,"user343@example.com","password343"
445,"User344",False,"user344@example.com","password344"
446,"User345",False,"user345@example.com","password345"
447,"User346",False,"user346@example.com","password346"
448,"User347",False,"user347@example.com","password347"
449,"User348",False,"user348@example.com","password348"
450,"User349",False,"user349@example.com","password349"
451,"User350",False,"user350@example.com","password350"
452,"User351",False,"user351@example.com","password351"
453,"User352",False,"user352@example.com","password352"
454,"User353",False,"user353@example.com","password353"
455,"User354",False,"user354@example.com","password354"
456,"User355",False,"user355@example.com","password355"
457,"User356",False,"user356@example.com","password356"
458,"User357",False,"user357@example.com","password357"
459,"User358",False,"user358@example.com","password358"
460,"User359",False,"user359@example.com","password359"
461,"User360",False,"user360@example.com","password360"
462,"User361",False,"user361@example.com","password361"
463,"User362",False,"user362@example.com","password362"
464,"User363",False,"user363@example.com","password363"
465,"User364",False,"user364@example.com","password364"
466,"User365",False,"user365@example.com","password365"
467,"User366",False,"user366@example.com","password366"
468,"User367",False,"user367@example.com","password367"
469,"User368",False,"user368@example.com","password368"
470,"User369",False,"user369@example.com","password369"
471,"User370",False,"user370@example.com","password370"
472,"User371",False,"user371@example.com","password371"
473,"User372",False,"user372@example.com","password372"
474,"User373",False,"user373@example.com","password373"
475,"User374",False,"user374@example.com","password374"
476,"User375",False,"user375@example.com","password375"
477,"User376",False,"user376@example.com","password376"
478,"User377",False,"user377@example.com","password377"
479,"User378",False,"user378@example.com","password378"
480,"User379",False,"user379@example.com","password379"
481,"User380",False,"user380@example.com","password380"
482,"User381",False,"user381@example.com","password381"
483,"User382",False,"user382@example.com","password382"
484,"User383",False,"user383@example.com","password383"
485,"User384",False,"user384@example.com","password384"
486,"User385",False,"user385@example.com","password385"
487,"User386",False,"user386@example.com","password386"
488,"User387",False,"user387@example.com","password387"
489,"User388",False,"user388@example.com","password388"
490,"User389",False,"user389@example.com","password389"
491,"User390",False,"user390@example.com","password390"
492,"User391",False,"user391@example.com","password391"
493,"User392",False,"user392@example.com","password392"
494,"User393",False,"user393@example.com","password393"
495,"User394",False,"user394@example.com","password394"
496,"User395",False,"user395@example.com","password395"
497,"User396",False,"user396@example.com","password396"
498,"User397",False,"user397@example.com","password397"
499,"User398",False,"user398@example.com","password398"
500,"User399",False,"user399@example.com","password399"
501,"User400",False,"user400@example.com","password400"
502,"User401",False,"user401@example.com","password401"
503,"User402",False,"user402@example.com","password402"
504,"User403",False,"user403@example.com","password403"
505,"User404",False,"user404@example.com","password404"
506,"User405",False,"user405@example.com","password405"
507,"User406",False,"user406@example.com","password406"
508,"User407",False,"user407@example.com","password407"
509,"User408",False,"user408@example.com","password408"
510,"User409",False,"user409@example.com","password409"
511,"User410",False,"user410@example.com","password410"
512,"User411",False,"user411@example.com","password411"
513,"User412",False,"user412@example.com","password412"
514,"User413",False,"user413@example.com","password413"
515,"User414",False,"user414@example.com","password414"
516,"User415",False,"user415@example.com","password415"
517,"User416",False,"user416@example.com","password416"
518,"User417",False,"user417@example.com","password417"
519,"User418",False,"user418@example.com","password418"
520,"User419",False,"user419@example.com","password419"
521,"User420",False,"user420@example.com","password420"
522,"User421",False,"user421@example.com","password421"
523,"User422",False,"user422@example.com","password422"
524,"User423",False,"user423@example.com","password423"
525,"User424",False,"user424@example.com","password424"
526,"User425",False,"user425@example.com","password425"
527,"User426",False,"user426@example.com","password426"
528,"User427",False,"user427@example.com","password427"
529,"User428",False,"user428@example.com","password428"
530,"User429",False,"user429@example.com","password429"
531,"User430",False,"user430@example.com","password430"
532,"User431",False,"user431@example.com","password431"
533,"User432",False,"user432@example.com","password432"
534,"User433",False,"user433@example.com","password433"
535,"User434",False,"user434@example.com","password434"
536,"User435",False,"user435@example.com","password435"
537,"User436",False,"user436@example.com","password436"
538,"User437",False,"user437@example.com","password437"
539,"User438",False,"user438@example.com","password438"
540,"User439",False,"user439@example.com","password439"
541,"User440",False,"user440@example.com","password440"
542,"User441",False,"user441@example.com","password441"
543,"User442",False,"user442@example.com","password442"
544,"User443",False,"user443@example.com","password443"
545,"User444",False,"user444@example.com","password444"
546,"User445",False,"user445@example.com","password445"
547,"User446",False,"user446@example.com","password446"
548,"User447",False,"user447@example.com","password447"
549,"User448",False,"user448@example.com","password448"
550,"User449",False,"user449@example.com","password449"
551,"User450",False,"user450@example.com","password450"
552,"User451",False,"user451@example.com","password451"
553,"User452",False,"user452@example.com","password452"
554,"User453",False,"user453@example.com","password453"
555,"User454",False,"user454@example.com","password454"
556,"User455",False,"user455@example.com","password455"
557,"User456",False,"user456@example.com","password456"
558,"User457",False,"user457@example.com","password457"
559,"User458",False,"user458@example.com","password458"
560,"User459",False,"user459@example.com","password459"
561,"User460",False,"user460@example.com","password460"
562,"User461",False,"user461@example.com","password461"
563,"User462",False,"user462@example.com","password462"
564,"User463",False,"user463@example.com","password463"
565,"User464",False,"user464@example.com","password464"
566,"User465",False,"user465@example.com","password465"
567,"User466",False,"user466@example.com","password466"
568,"User467",False,"user467@example.com","password467"
569,"User468",False,"user468@example.com","password468"
570,"User469",False,"user469@example.com","password469"
571,"User470",False,"user470@example.com","password470"
572,"User471",False,"user471@example.com","password471"
573,"User472",False,"user472@example.com","password472"
574,"User473",False,"user473@example.com","password473"
575,"User474",False,"user474@example.com","password474"
576,"User475",False,"user475@example.com","password475"
577,"User476",False,"user476@example.com","password476"
578,"User477",False,"user477@example.com","password477"
579,"User478",False,"user478@example.com","password478"
580,"User479",False,"user479@example.com","password479"
581,"User480",False,"user480@example.com","password480"
582,"User481",False,"user481@example.com","password481"
583,"User482",False,"user482@example.com","password482"
584,"User483",False,"user483@example.com","password483"
585,"User484",False,"user484@example.com","password484"
586,"User485",False,"user485@example.com","password485"
587,"User486",False,"user486@example.com","password486"
588,"User487",False,"user487@example.com","password487"
589,"User488",False,"user488@example.com","password488"
590,"User489",False,"user489@example.com","password489"
591,"User490",False,"user490@example.com","password490"
592,"User491",False,"user491@example.com","password491"
593,"User492",False,"user492@example.com","password492"
594,"User493",False,"user493@example.com","password493"
595,"User494",False,"user494@example.com","password494"
596,"User495",False,"user495@example.com","password495"
597,"User496",False,"user496@example.com","password496"
598,"User497",False,"user497@example.com","password497"
599,"User498",False,"user498@example.com","password498"
600,"User499",False,"user499@example.com","password499"
601,"User500",False,"user500@example.com","password500"
602,"User501",False,"user501@example.com","password501"
603,"User502",False,"user502@example.com","password502"
604,"User503",False,"user503@example.com","password503"
605,"User504",False,"user504@example.com","password504"
606,"User505",False,"user505@example.com","password505"
607,"User506",False,"user506@example.com","password506"
608,"User507",False,"user507@example.com","password507"
609,"User508",False,"user508@example.com","password508"
610,"User509",False,"user509@example.com","password509"
611,"User510",False,"user510@example.com","password510"
612,"User511",False,"user511@example.com","password511"
613,"User512",False,"user512@example.com","password512"
614,"User513",False,"user513@example.com","password513"
615,"User514",False,"user514@example.com","password514"
616,"User515",False,"user515@example.com","password515"
617,"User516",False,"user516@example.com","password516"
618,"User517",False,"user517@example.com","password517"
619,"User518",False,"user518@example.com","password518"
620,"User519",False,"user519@example.com","password519"
621,"User520",False,"user520@example.com","password520"
622,"User521",False,"user521@example.com","password521"
623,"User522",False,"user522@example.com","password522"
624,"User523",False,"user523@example.com","password523"
625,"User524",False,"user524@example.com","password524"
626,"User525",False,"user525@example.com","password525"
627,"User526",False,"user526@example.com","password526"
628,"User527",False,"user527@example.com","password527"
629,"User528",False,"user528@example.com","password528"
630,"User529",False,"user529@example.com","password529"
631,"User530",False,"user530@example.com","password530"
632,"User531",False,"user531@example.com","password531"
633,"User532",False,"user532@example.com","password532"
634,"User533",False,"user533@example.com","password533"
635,"User534",False,"user534@example.com","password534"
636,"User535",False,"user535@example.com","password535"
637,"User536",False,"user536@example.com","password536"
638,"User537",False,"user537@example.com","password537"
639,"User538",False,"user538@example.com","password538"
640,"User539",False,"user539@example.com","password539"
641,"User540",False,"user540@example.com","password540"
642,"User541",False,"user541@example.com","password541"
643,"User542",False,"user542@example.com","password542"
644,"User543",False,"user543@example.com","password543"
645,"User544",False,"user544@example.com","password544"
646,"User545",False,"user545@example.com","password545"
647,"User546",False,"user546@example.com","password546"
648,"User547",False,"user547@example.com","password547"
649,"User548",False,"user548@example.com","password548"
650,"User549",False,"user549@example.com","password549"
651,"User550",False,"user550@example.com","password550"
652,"User551",False,"user551@example.com","password551"
653,"User552",False,"user552@example.com","password552"
654,"User553",False,"user553@example.com","password553"
655,"User554",False,"user554@example.com","password554"
656,"User555",False,"user555@example.com","password555"
657,"User556",False,"user556@example.com","password556"
658,"User557",False,"user557@example.com","password557"
659,"User558",False,"user558@example.com","password558"
660,"User559",False,"user559@example.com","password559"
661,"User560",False,"user560@example.com","password560"
662,"User561",False,"user561@example.com","password561"
663,"User562",False,"user562@example.com","password562"
664,"User563",False,"user563@example.com","password563"
665,"User564",False,"user564@example.com","password564"
666,"User565",False,"user565@example.com","password565"
667,"User566",False,"user566@example.com","password566"
668,"User567",False,"user567@example.com","password567"
669,"User568",False,"user568@example.com","password568"
670,"User569",False,"user569@example.com","password569"
671,"User570",False,"user570@example.com","password570"
672,"User571",False,"user571@example.com","password571"
673,"User572",False,"user572@example.com","password572"
674,"User573",False,"user573@example.com","password573"
675,"User574",False,"user574@example.com","password574"
676,"User575",False,"user575@example.com","password575"
677,"User576",False,"user576@example.com","password576"
678,"User577",False,"user577@example.com","password577"
679,"User578",False,"user578@example.com","password578"
680,"User579",False,"user579@example.com","password579"
681,"User580",False,"user580@example.com","password580"
682,"User581",False,"user581@example.com","password581"
683,"User582",False,"user582@example.com","password582"
684,"User583",False,"user583@example.com","password583"
685,"User584",False,"user584@example.com","password584"
686,"User585",False,"user585@example.com","password585"
687,"User586",False,"user586@example.com","password586"
688,"User587",False,"user587@example.com","password587"
689,"User588",False,"user588@example.com","password588"
690,"User589",False,"user589@example.com","password589"
691,"User590",False,"user590@example.com","password590"
692,"User591",False,"user591@example.com","password591"
693,"User592",False,"user592@example.com","password592"
694,"User593",False,"user593@example.com","password593"
695,"User594",False,"user594@example.com","password594"
696,"User595",False,"user595@example.com","password595"
697,"User596",False,"user596@example.com","password596"
698,"User597",False,"user597@example.com","password597"
699,"User598",False,"user598@example.com","password598"
700,"User599",False,"user599@example.com","password599"
701,"User600",False,"user600@example.com","password600"
702,"User601",False,"user601@example.com","password601"
703,"User602",False,"user602@example.com","password602"
704,"User603",False,"user603@example.com","password603"
705,"User604",False,"user604@example.com","password604"
706,"User605",False,"user605@example.com","password605"
707,"User606",False,"user606@example.com","password606"
708,"User607",False,"user607@example.com","password607"
709,"User608",False,"user608@example.com","password608"
710,"User609",False,"user609@example.com","password609"
711,"User610",False,"user610@example.com","password610"
712,"User611",False,"user611@example.com","password611"
713,"User612",False,"user612@example.com","password612"
714,"User613",False,"user613@example.com","password613"
715,"User614",False,"user614@example.com","password614"
716,"User615",False,"user615@example.com","password615"
717,"User616",False,"user616@example.com","password616"
718,"User617",False,"user617@example.com","password617"
719,"User618",False,"user618@example.com","password618"
720,"User619",False,"user619@example.com","password619"
721,"User620",False,"user620@example.com","password620"
722,"User621",False,"user621@example.com","password621"
723,"User622",False,"user622@example.com","password622"
724,"User623",False,"user623@example.com","password623"
725,"User624",False,"user624@example.com","password624"
726,"User625",False,"user625@example.com","password625"
727,"User626",False,"user626@example.com","password626"
728,"User627",False,"user627@example.com","password627"
729,"User628",False,"user628@example.com","password628"
730,"User629",False,"user629@example.com","password629"
731,"User630",False,"user630@example.com","password630"
732,"User631",False,"user631@example.com","password631"
733,"User632",False,"user632@example.com","password632"
734,"User633",False,"user633@example.com","password633"
735,"User634",False,"user634@example.com","password634"
736,"User635",False,"user635@example.com","password635"
737,"User636",False,"user636@example.com","password636"
738,"User637",False,"user637@example.com","password637"
739,"User638",False,"user638@example.com","password638"
740,"User639",False,"user639@example.com","password639"
741,"User640",False,"user640@example.com","password640"
742,"User641",False,"user641@example.com","password641"
743,"User642",False,"user642@example.com","password642"
744,"User643",False,"user643@example.com","password643"
745,"User644",False,"user644@example.com","password644"
746,"User645",False,"user645@example.com","password645"
747,"User646",False,"user646@example.com","password646"
748,"User647",False,"user647@example.com","password647"
749,"User648",False,"user648@example.com","password648"
750,"User649",False,"user649@example.com","password649"
751,"User650",False,"user650@example.com","password650"
752,"User651",False,"user651@example.com","password651"
753,"User652",False,"user652@example.com","password652"
754,"User653",False,"user653@example.com","password653"
755,"User654",False,"user654@example.com","password654"
756,"User655",False,"user655@example.com","password655"
757,"User656",False,"user656@example.com","password656"
758,"User657",False,"user657@example.com","password657"
759,"User658",False,"user658@example.com","password658"
760,"User659",False,"user659@example.com","password659"
761,"User660",False,"user660@example.com","password660"
762,"User661",False,"user661@example.com","password661"
763,"User662",False,"user662@example.com","password662"
764,"User663",False,"user663@example.com","password663"
765,"User664",False,"user664@example.com","password664"
766,"User665",False,"user665@example.com","password665"
767,"User666",False,"user666@example.com","password666"
768,"User667",False,"user667@example.com","password667"
769,"User668",False,"user668@example.com","password668"
770,"User669",False,"user669@example.com","password669"
771,"User670",False,"user670@example.com","password670"
772,"User671",False,"user671@example.com","password671"
773,"User672",False,"user672@example.com","password672"
774,"User673",False,"user673@example.com","password673"
775,"User674",False,"user674@example.com","password674"
776,"User675",False,"user675@example.com","password675"
777,"User676",False,"user676@example.com","password676"
778,"User677",False,"user677@example.com","password677"
779,"User678",False,"user678@example.com","password678"
780,"User679",False,"user679@example.com","password679"
781,"User680",False,"user680@example.com","password680"
782,"User681",False,"user681@example.com","password681"
783,"User682",False,"user682@example.com","password682"
784,"User683",False,"user683@example.com","password683"
785,"User684",False,"user684@example.com","password684"
786,"User685",False,"user685@example.com","password685"
787,"User686",False,"user686@example.com","password686"
788,"User687",False,"user687@example.com","password687"
789,"User688",False,"user688@example.com","password688"
790,"User689",False,"user689@example.com","password689"
791,"User690",False,"user690@example.com","password690"
792,"User691",False,"user691@example.com","password691"
793,"User692",False,"user692@example.com","password692"
794,"User693",False,"user693@example.com","password693"
795,"User694",False,"user694@example.com","password694"
796,"User695",False,"user695@example.com","password695"
797,"User696",False,"user696@example.com","password696"
798,"User697",False,"user697@example.com","password697"
799,"User698",False,"user698@example.com","password698"
800,"User699",False,"user699@example.com","password699"
801,"User700",False,"user700@example.com","password700"
802,"User701",False,"user701@example.com","password701"
803,"User702",False,"user702@example.com","password702"
804,"User703",False,"user703@example.com","password703"
805,"User704",False,"user704@example.com","password704"
806,"User705",False,"user705@example.com","password705"
807,"User706",False,"user706@example.com","password706"
808,"User707",False,"user707@example.com","password707"
809,"User708",False,"user708@example.com","password708"
810,"User709",False,"user709@example.com","password709"
811,"User710",False,"user710@example.com","password710"
812,"User711",False,"user711@example.com","password711"
813,"User712",False,"user712@example.com","password712"
814,"User713",False,"user713@example.com","password713"
815,"User714",False,"user714@example.com","password714"
816,"User715",False,"user715@example.com","password715"
817,"User716",False,"user716@example.com","password716"
818,"User717",False,"user717@example.com","password717"
819,"User718",False,"user718@example.com","password718"
820,"User719",False,"user719@example.com","password719"
821,"User720",False,"user720@example.com","password720"
822,"User721",False,"user721@example.com","password721"
823,"User722",False,"user722@example.com","password722"
824,"User723",False,"user723@example.com","password723"
825,"User724",False,"user724@example.com","password724"
826,"User725",False,"user725@example.com","password725"
827,"User726",False,"user726@example.com","password726"
828,"User727",False,"user727@example.com","password727"
829,"User728",False,"user728@example.com","password728"
830,"User729",False,"user729@example.com","password729"
831,"User730",False,"user730@example.com","password730"
832,"User731",False,"user731@example.com","password731"
833,"User732",False,"user732@example.com","password732"
834,"User733",False,"user733@example.com","password733"
835,"User734",False,"user734@example.com","password734"
836,"User735",False,"user735@example.com","password735"
837,"User736",False,"user736@example.com","password736"
838,"User737",False,"user737@example.com","password737"
839,"User738",False,"user738@example.com","password738"
840,"User739",False,"user739@example.com","password739"
841,"User740",False,"user740@example.com","password740"
842,"User741",False,"user741@example.com","password741"
843,"User742",False,"user742@example.com","password742"
844,"User743",False,"user743@example.com","password743"
845,"User744",False,"user744@example.com","password744"
846,"User745",False,"user745@example.com","password745"
847,"User746",False,"user746@example.com","password746"
848,"User747",False,"user747@example.com","password747"
849,"User748",False,"user748@example.com","password748"
850,"User749",False,"user749@example.com","password749"
851,"User750",False,"user750@example.com","password750"
852,"User751",False,"user751@example.com","password751"
853,"User752",False,"user752@example.com","password752"
854,"User753",False,"user753@example.com","password753"
855,"User754",False,"user754@example.com","password754"
856,"User755",False,"user755@example.com","password755"
857,"User756",False,"user756@example.com","password756"
858,"User757",False,"user757@example.com","password757"
859,"User758",False,"user758@example.com","password758"
860,"User759",False,"user759@example.com","password759"
861,"User760",False,"user760@example.com","password760"
862,"User761",False,"user761@example.com","password761"
863,"User762",False,"user762@example.com","password762"
864,"User763",False,"user763@example.com","password763"
865,"User764",False,"user764@example.com","password764"
866,"User765",False,"user765@example.com","password765"
867,"User766",False,"user766@example.com","password766"
868,"User767",False,"user767@example.com","password767"
869,"User768",False,"user768@example.com","password768"
870,"User769",False,"user769@example.com","password769"
871,"User770",False,"user770@example.com","password770"
872,"User771",False,"user771@example.com","password771"
873,"User772",False,"user772@example.com","password772"
874,"User773",False,"user773@example.com","password773"
875,"User774",False,"user774@example.com","password774"
876,"User775",False,"user775@example.com","password775"
877,"User776",False,"user776@example.com","password776"
878,"User777",False,"user777@example.com","password777"
879,"User778",False,"user778@example.com","password778"
880,"User779",False,"user779@example.com","password779"
881,"User780",False,"user780@example.com","password780"
882,"User781",False,"user781@example.com","password781"
883,"User782",False,"user782@example.com","password782"
884,"User783",False,"user783@example.com","password783"
885,"User784",False,"user784@example.com","password784"
886,"User785",False,"user785@example.com","password785"
887,"User786",False,"user786@example.com","password786"
888,"User787",False,"user787@example.com","password787"
889,"User788",False,"user788@example.com","password788"
890,"User789",False,"user789@example.com","password789"
891,"User790",False,"user790@example.com","password790"
892,"User791",False,"user791@example.com","password791"
893,"User792",False,"user792@example.com","password792"
894,"User793",False,"user793@example.com","password793"
895,"User794",False,"user794@example.com","password794"
896,"User795",False,"user795@example.com","password795"
897,"User796",False,"user796@example.com","password796"
898,"User797",False,"user797@example.com","password797"
899,"User798",False,"user798@example.com","password798"
900,"User799",False,"user799@example.com","password799"
901,"User800",False,"user800@example.com","password800"
902,"User801",False,"user801@example.com","password801"
903,"User802",False,"user802@example.com","password802"
904,"User803",False,"user803@example.com","password803"
905,"User804",False,"user804@example.com","password804"
906,"User805",False,"user805@example.com","password805"
907,"User806",False,"user806@example.com","password806"
908,"User807",False,"user807@example.com","password807"
909,"User808",False,"user808@example.com","password808"
910,"User809",False,"user809@example.com","password809"
911,"User810",False,"user810@example.com","password810"
912,"User811",False,"user811@example.com","password811"
913,"User812",False,"user812@example.com","password812"
914,"User813",False,"user813@example.com","password813"
915,"User814",False,"user814@example.com","password814"
916,"User815",False,"user815@example.com","password815"
917,"User816",False,"user816@example.com","password816"
918,"User817",False,"user817@example.com","password817"
919,"User818",False,"user818@example.com","password818"
920,"User819",False,"user819@example.com","password819"
921,"User820",False,"user820@example.com","password820"
922,"User821",False,"user821@example.com","password821"
923,"User822",False,"user822@example.com","password822"
924,"User823",False,"user823@example.com","password823"
925,"User824",False,"user824@example.com","password824"
926,"User825",False,"user825@example.com","password825"
927,"User826",False,"user826@example.com","password826"
928,"User827",False,"user827@example.com","password827"
929,"User828",False,"user828@example.com","password828"
930,"User829",False,"user829@example.com","password829"
931,"User830",False,"user830@example.com","password830"
932,"User831",False,"user831@example.com","password831"
933,"User832",False,"user832@example.com","password832"
934,"User833",False,"user833@example.com","password833"
935,"User834",False,"user834@example.com","password834"
936,"User835",False,"user835@example.com","password835"
937,"User836",False,"user836@example.com","password836"
938,"User837",False,"user837@example.com","password837"
939,"User838",False,"user838@example.com","password838"
940,"User839",False,"user839@example.com","password839"
941,"User840",False,"user840@example.com","password840"
942,"User841",False,"user841@example.com","password841"
943,"User842",False,"user842@example.com","password842"
944,"User843",False,"user843@example.com","password843"
945,"User844",False,"user844@example.com","password844"
946,"User845",False,"user845@example.com","password845"
947,"User846",False,"user846@example.com","password846"
948,"User847",False,"user847@example.com","password847"
949,"User848",False,"user848@example.com","password848"
950,"User849",False,"user849@example.com","password849"
951,"User850",False,"user850@example.com","password850"
952,"User851",False,"user851@example.com","password851"
953,"User852",False,"user852@example.com","password852"
954,"User853",False,"user853@example.com","password853"
955,"User854",False,"user854@example.com","password854"
956,"User855",False,"user855@example.com","password855"
957,"User856",False,"user856@example.com","password856"
958,"User857",False,"user857@example.com","password857"
959,"User858",False,"user858@example.com","password858"
960,"User859",False,"user859@example.com","password859"
961,"User860",False,"user860@example.com","password860"
962,"User861",False,"user861@example.com","password861"
963,"User862",False,"user862@example.com","password862"
964,"User863",False,"user863@example.com","password863"
965,"User864",False,"user864@example.com","password864"
966,"User865",False,"user865@example.com","password865"
967,"User866",False,"user866@example.com","password866"
968,"User867",False,"user867@example.com","password867"
969,"User868",False,"user868@example.com","password868"
970,"User869",False,"user869@example.com","password869"
971,"User870",False,"user870@example.com","password870"
972,"User871",False,"user871@example.com","password871"
973,"User872",False,"user872@example.com","password872"
974,"User873",False,"user873@example.com","password873"
975,"User874",False,"user874@example.com","password874"
976,"User875",False,"user875@example.com","password875"
977,"User876",False,"user876@example.com","password876"
978,"User877",False,"user877@example.com","password877"
979,"User878",False,"user878@example.com","password878"
980,"User879",False,"user879@example.com","password879"
981,"User880",False,"user880@example.com","password880"
982,"User881",False,"user881@example.com","password881"
983,"User882",False,"user882@example.com","password882"
984,"User883",False,"user883@example.com","password883"
985,"User884",False,"user884@example.com","password884"
986,"User885",False,"user885@example.com","password885"
987,"User886",False,"user886@example.com","password886"
988,"User887",False,"user887@example.com","password887"
989,"User888",False,"user888@example.com","password888"
990,"User889",False,"user889@example.com","password889"
991,"User890",False,"user890@example.com","password890"
992,"User891",False,"user891@example.com","password891"
993,"User892",False,"user892@example.com","password892"
994,"User893",False,"user893@example.com","password893"
995,"User894",False,"user894@example.com","password894"
996,"User895",False,"user895@example.com","password895"
997,"User896",False,"user896@example.com","password896"
998,"User897",False,"user897@example.com","password897"
999,"User898",False,"user898@example.com","password898"
1000,"User899",False,"user899@example.com","password899"
1001,"User900",False,"user900@example.com","password900"
1002,"User901",False,"user901@example.com","password901"
1003,"User902",False,"user902@example.com","password902"
1004,"User903",False,"user903@example.com","password903"
1005,"User904",False,"user904@example.com","password904"
1006,"User905",False,"user905@example.com","password905"
1007,"User906",False,"user906@example.com","password906"
1008,"User907",False,"user907@example.com","password907"
1009,"User908",False,"user908@example.com","password908"
1010,"User909",False,"user909@example.com","password909"
1011,"User910",False,"user910@example.com","password910"
1012,"User911",False,"user911@example.com","password911"
1013,"User912",False,"user912@example.com","password912"
1014,"User913",False,"user913@example.com","password913"
1015,"User914",False,"user914@example.com","password914"
1016,"User915",False,"user915@example.com","password915"
1017,"User916",False,"user916@example.com","password916"
1018,"User917",False,"user917@example.com","password917"
1019,"User918",False,"user918@example.com","password918"
1020,"User919",False,"user919@example.com","password919"
1021,"User920",False,"user920@example.com","password920"
1022,"User921",False,"user921@example.com","password921"
1023,"User922",False,"user922@example.com","password922"
1024,"User923",False,"user923@example.com","password923"
1025,"User924",False,"user924@example.com","password924"
1026,"User925",False,"user925@example.com","password925"
1027,"User926",False,"user926@example.com","password926"
1028,"User927",False,"user927@example.com","password927"
1029,"User928",False,"user928@example.com","password928"
1030,"User929",False,"user929@example.com","password929"
1031,"User930",False,"user930@example.com","password930"
1032,"User931",False,"user931@example.com","password931"
1033,"User932",False,"user932@example.com","password932"
1034,"User933",False,"user933@example.com","password933"
1035,"User934",False,"user934@example.com","password934"
1036,"User935",False,"user935@example.com","password935"
1037,"User936",False,"user936@example.com","password936"
1038,"User937",False,"user937@example.com","password937"
1039,"User938",False,"user938@example.com","password938"
1040,"User939",False,"user939@example.com","password939"
1041,"User940",False,"user940@example.com","password940"
1042,"User941",False,"user941@example.com","password941"
1043,"User942",False,"user942@example.com","password942"
1044,"User943",False,"user943@example.com","password943"
1045,"User944",False,"user944@example.com","password944"
1046,"User945",False,"user945@example.com","password945"
1047,"User946",False,"user946@example.com","password946"
1048,"User947",False,"user947@example.com","password947"
1049,"User948",False,"user948@example.com","password948"
1050,"User949",False,"user949@example.com","password949"
1051,"User950",False,"user950@example.com","password950"
1052,"User951",False,"user951@example.com","password951"
1053,"User952",False,"user952@example.com","password952"
1054,"User953",False,"user953@example.com","password953"
1055,"User954",False,"user954@example.com","password954"
1056,"User955",False,"user955@example.com","password955"
1057,"User956",False,"user956@example.com","password956"
1058,"User957",False,"user957@example.com","password957"
1059,"User958",False,"user958@example.com","password958"
1060,"User959",False,"user959@example.com","password959"
1061,"User960",False,"user960@example.com","password960"
1062,"User961",False,"user961@example.com","password961"
1063,"User962",False,"user962@example.com","password962"
1064,"User963",False,"user963@example.com","password963"
1065,"User964",False,"user964@example.com","password964"
1066,"User965",False,"user965@example.com","password965"
1067,"User966",False,"user966@example.com","password966"
1068,"User967",False,"user967@example.com","password967"
1069,"User968",False,"user968@example.com","password968"
1070,"User969",False,"user969@example.com","password969"
1071,"User970",False,"user970@example.com","password970"
1072,"User971",False,"user971@example.com","password971"
1073,"User972",False,"user972@example.com","password972"
1074,"User973",False,"user973@example.com","password973"
1075,"User974",False,"user974@example.com","password974"
1076,"User975",False,"user975@example.com","password975"
1077,"User976",False,"user976@example.com","password976"
1078,"User977",False,"user977@example.com","password977"
1079,"User978",False,"user978@example.com","password978"
1080,"User979",False,"user979@example.com","password979"
1081,"User980",False,"user980@example.com","password980"
1082,"User981",False,"user981@example.com","password981"
1083,"User982",False,"user982@example.com","password982"
1084,"User983",False,"user983@example.com","password983"
1085,"User984",False,"user984@example.com","password984"
1086,"User985",False,"user985@example.com","password985"
1087,"User986",False,"user986@example.com","password986"
1088,"User987",False,"user987@example.com","password987"
1089,"User988",False,"user988@example.com","password988"
1090,"User989",False,"user989@example.com","password989"
1091,"User990",False,"user990@example.com","password990"
1092,"User991",False,"user991@example.com","password991"
1093,"User992",False,"user992@example.com","password992"
1094,"User993",False,"user993@example.com","password993"
1095,"User994",False,"user994@example.com","password994"
1096,"User995",False,"user995@example.com","password995"
1097,"User996",False,"user996@example.com","password996"
1098,"User997",False,"user997@example.com","password997"
1099,"User998",False,"user998@example.com","password998"
1100,"User999",False,"user999@example.com","password999"
1101,"User1000",False,"user1000@example.com","password1000"
1102,NULL,NULL,NULL,NULL
